,holdout_pred
0,542839.8656452253
1,542839.8656452253
2,405505.4499751753
3,357194.38755672646
4,553384.2194148146
5,467911.69386847527
6,336170.6623520786
7,310739.8056973049
8,449930.38137352746
9,248686.50232142082
10,487321.2477234438
11,558097.977429179
12,385737.0118232046
13,140193.9550109536
14,356668.6714697721
15,665389.3869206331
16,766259.3150783611
17,369039.28155846475
18,513587.75673454127
19,286171.4195677303
20,608481.7190570927
21,467381.3764993618
22,1351553.625341949
23,271127.0522971207
24,233951.0093719163
25,268876.5970821942
26,495519.5242056956
27,272276.0901511144
28,500523.05474642373
29,-132338.47216066075
30,469787.8962079891
31,288524.6963959986
32,555684.9858566079
33,638955.9884161934
34,855985.7366642702
35,644162.4733297352
36,294706.08915576
37,564444.6411950288
38,1056415.9446520344
39,477803.79954002646
40,291505.0238847359
41,494710.0254230349
42,493361.4665211722
43,394878.0162024383
44,446424.4891421995
45,313774.2843885829
46,891348.0929939913
47,406037.2503336237
48,645072.8894397189
49,407509.54754530743
50,298695.465009207
51,1058557.9117799802
52,402104.11030978104
53,226467.06261254114
54,633210.1379422494
55,441062.0883869708
56,558772.0897138973
57,795051.707504903
58,360400.4401570987
59,327502.13825792796
60,540200.8934080795
61,409554.76101410075
62,410413.511950218
63,1121671.0676879692
64,843579.4786377024
65,320245.599851773
66,1010565.8132197248
67,613584.2662751906
68,294986.1116392899
69,523971.9873617501
70,727322.6274521129
71,435333.1397697979
72,865215.0156211212
73,104666.52408386022
74,355257.24452544376
75,668782.9139991306
76,838570.6739031802
77,297493.4144144744
78,441446.487620733
79,263931.5327613385
80,555083.8446694384
81,670865.1457658423
82,547240.4261358652
83,612122.8803647512
84,674490.5884159218
85,389894.7764650299
86,806582.7354779289
87,429153.2381665646
88,125900.7402291174
89,430915.5767977636
90,329644.3825647939
91,467489.4291450428
92,467489.4291450428
93,529625.8667352523
94,396882.1110233262
95,590561.2184315975
96,402274.4067687751
97,346355.4401138035
98,253558.59454942937
99,615404.7149662327
100,309702.1917112762
101,660241.7548147943
102,295105.7666056392
103,308005.08835490025
104,62130.35395564383
105,544383.2987654991
106,635984.94721298
107,462245.227452421
108,407644.9455381819
109,372721.9225583904
110,577626.1956199025
111,1651193.0502931601
112,758211.5293641492
113,327966.2155271197
114,288426.05961424985
115,306655.52613450016
116,415537.6281615937
117,1067975.064855496
118,441531.8857711201
119,272061.83661102166
120,407354.2377383491
121,648941.5871465858
122,901026.1395666094
123,389224.8067122507
124,613460.1425042194
125,274574.00523358874
126,339417.901511881
127,500562.1499740068
128,186941.554307613
129,336846.860568171
130,338371.82788664737
131,236184.69001784368
132,324700.3272943654
133,536601.7843856645
134,425639.28384472907
135,422303.17848540586
136,727828.9033087802
137,399915.53004401375
138,282090.0490668862
139,610987.9769104583
140,424461.74339707196
141,842884.2422826687
142,213369.88188906026
143,525665.4553804876
144,408989.3712935358
145,374661.67888782267
146,328405.68805840774
147,656958.4272956776
148,324519.5352153473
149,419024.38287052116
150,393379.8997785541
151,408396.9164568776
152,621493.9165320476
153,542124.0479195578
154,754383.1932062937
155,493448.298687804
156,408033.2134008267
157,462663.77155301627
158,373960.68625084544
159,315997.11744787474
160,619255.8216882166
161,630548.6021097471
162,338023.0611423525
163,519223.4904173907
164,312046.79764084984
165,447924.4066956843
166,546048.23830711
167,445406.97306123783
168,507956.4461357938
169,1221535.828411074
170,311267.9178345087
171,434826.3652504983
172,542058.3890546166
173,501675.938517164
174,462779.4759472847
175,540502.1185261168
176,316512.1589243242
177,417990.69944481377
178,231018.94266777526
179,265369.2050881032
180,1024536.5763056931
181,789947.210396955
182,768134.1036442918
183,629319.5899777655
184,1408472.8002533456
185,521952.89353901136
186,819816.0623273354
187,288797.46777684614
188,437948.8371714684
189,382075.6479743187
190,398794.7376459356
191,662992.465319082
192,470072.93112273293
193,470072.93112273293
194,301097.6547463577
195,477436.7127400541
196,288410.68010208255
197,459646.0850217112
198,307758.3285791647
199,502057.79643268115
200,339654.065922573
201,242737.4345970804
202,534337.9014734752
203,666654.8368151294
204,841996.6222156477
205,313871.23355965083
206,342269.0574330973
207,473219.9985580747
208,717929.7206232796
209,290782.96398415667
210,210358.2512309927
211,483729.588313163
212,612796.8267119002
213,287200.5526055716
214,352770.9153155115
215,671447.9060642987
216,344003.154169563
217,631149.214227484
218,1318480.4396734927
219,246317.1582887206
220,400230.5402251716
221,705714.3102910666
222,418825.13096345775
223,1199902.1066885479
224,512409.36662113934
225,522807.5883371718
226,689298.6176371946
227,358636.95688244596
228,344635.939179256
229,546579.6142991156
230,475922.5462157371
231,999449.5474415927
232,550803.4049576863
233,324294.94048699236
234,271226.2349101828
235,496437.13598763593
236,527064.5891832785
237,567257.6631488617
238,254027.96887170168
239,657720.0541808618
240,472396.20031676395
241,253647.84096221323
242,453645.9295897711
243,321569.2000844644
244,608330.5479763013
245,539053.9012907768
246,247908.65517909947
247,466989.8161933593
248,370546.28375805623
249,665586.8688779855
250,386798.47568950825
251,620056.6683040241
252,560792.0719750093
253,237525.63717301557
254,383455.4522026094
255,449446.67434563034
256,590824.5926507383
257,352711.5726201979
258,598268.4097133476
259,512369.38013998873
260,337897.37679804023
261,900382.6727222182
262,453267.099743539
263,641567.4213058442
264,341763.14736806485
265,740240.0229558516
266,698169.673985064
267,318118.5597774978
268,2332042.6957906415
269,489884.4800413529
270,951386.4514314403
271,1170381.200115445
272,242730.62621149886
273,444875.1820680145
274,539768.551798323
275,406873.60869884514
276,831164.0860683518
277,403008.535751674
278,653703.5492289183
279,865449.1876784249
280,974874.4815483734
281,853838.3854177454
282,266070.3210741071
283,325392.6085082851
284,497832.7169285903
285,899971.7466334405
286,199216.6589861566
287,360943.9171025964
288,220803.88906023558
289,339318.9142342885
290,179248.44878110217
291,179248.44878110217
292,812488.3705290261
293,320834.4571524531
294,326229.11675601965
295,414617.1993625724
296,760722.0760071512
297,597300.7664474653
298,928271.3512334174
299,439629.5835076934
300,543778.0919108383
301,350578.58930793137
302,248989.09723615582
303,868558.844943957
304,764851.7054446544
305,405484.07703425153
306,1117587.8860631362
307,563474.0442212642
308,253560.58868600253
309,285762.72935213114
310,1589725.0337530905
311,932501.8782698368
312,164877.7084479501
313,164877.7084479501
314,164877.7084479501
315,287631.6075858718
316,678402.0932304171
317,449324.13501111965
318,854229.8092777589
319,370755.4624877969
320,427533.238434538
321,225684.09827066434
322,404162.3345978997
323,274253.99976585107
324,312076.25628293236
325,344106.78360375005
326,382663.2298339959
327,318822.9767653976
328,371334.462254822
329,446625.0767392928
330,155927.41143416136
331,436662.9275416505
332,578831.9428394852
333,259999.37749982916
334,464359.05898171733
335,428485.55440489005
336,456943.23437108065
337,414513.4276238099
338,287309.47911424155
339,972750.4883782093
340,518988.34001106827
341,232484.1675975758
342,679729.94428664
343,579914.996835459
344,281963.29700174334
345,401457.9686224193
346,426204.8671790274
347,668396.2492743587
348,788455.4688180418
349,437008.031927992
350,714374.6362745434
351,324715.0649677466
352,462422.4406908952
353,404148.52111813135
354,287240.4869384029
355,362839.82458704046
356,403257.6037899108
357,1768048.2940221317
358,1001624.4214521155
359,900149.7899999222
360,425753.91586802807
361,375901.4589043505
362,517105.7168971747
363,521605.87451590504
364,380034.6458305123
365,672247.340223932
366,734611.686357928
367,1480336.6402567346
368,328559.0399898692
369,552616.8894787919
370,575138.871941203
371,301379.8073987375
372,234005.72861899756
373,567128.5372220449
374,316691.55176331673
375,684685.0771767143
376,508071.18214194605
377,437942.08656738454
378,362630.31211528694
379,355592.7816937723
380,523996.2807260334
381,411073.6594156254
382,770384.5409625072
383,296211.9271943427
384,376929.404954009
385,419839.2244244834
386,439019.88805959164
387,931091.7776268171
388,714614.5926273626
389,1409916.746708734
390,345125.5441157168
391,1043389.2752740026
392,769960.8098402575
393,563123.6605364976
394,333401.94574899215
395,318041.72776698065
396,636699.7352019215
397,300826.4973567546
398,635881.0939073028
399,721733.6156074577
400,949964.6484396241
401,300040.5859198682
402,712699.5067949371
403,338485.2530004798
404,346898.37388104293
405,326359.3574927163
406,674975.9033918364
407,379819.85607339
408,384156.05199904414
409,387544.91993021267
410,571835.5599317745
411,190560.7918251335
412,591688.1105058792
413,678821.0990642528
414,330593.05665271345
415,465194.395009379
416,197929.99937043985
417,1206248.5828208467
418,464035.7227970343
419,700630.6779670531
420,675851.2844339136
421,794827.4114709374
422,778172.3747368752
423,582870.0176398127
424,255083.20495226118
425,338640.1244756533
426,686295.4018309513
427,248859.65513162024
428,433551.851446562
429,502288.8666809802
430,396596.1341061618
431,914374.0008640087
432,367420.32665550895
433,711608.0832169148
434,363990.82287839043
435,438503.46838726697
436,685339.0810175079
437,817127.3075485314
438,415428.2140044039
439,595919.3765382973
440,525382.1163687625
441,442960.85607837664
442,448114.1430204004
443,198195.4890978852
444,804989.5736775827
445,513892.20197355526
446,473773.07777092047
447,387646.5729681167
448,543503.506978187
449,253409.29122863506
450,314028.9833702047
451,909269.052939649
452,712716.2811343598
453,702157.0651662766
454,1310380.8158829003
455,346323.7175796059
456,365280.16143896175
457,451137.5674454026
458,497423.52674153645
459,232685.89754073252
460,619659.7726639864
461,287631.6075858718
462,732961.9358726252
463,365418.1593693171
464,337314.98138134624
465,597468.7805761198
466,1343515.1651080265
467,715846.1343001557
468,510319.19949226384
469,670645.5108159703
470,524571.2084814942
471,494472.30154073006
472,249694.89639968972
473,557085.5403325658
474,557085.5403325658
475,512312.68643762823
476,506044.07286990364
477,1456167.9179323385
478,326421.64161266584
479,441134.62285241997
480,831965.9835970935
481,371296.4301862187
482,441227.2176653084
483,404407.03392703854
484,754957.4886885947
485,566341.2763788931
486,620625.7758134174
487,327378.087285365
488,547922.5957037153
489,794281.6459425268
490,776274.7698889532
491,369650.67181667464
492,271988.76989746315
493,244792.14350740437
494,376027.4588207583
495,421709.85729105433
496,791915.4347556283
497,566488.2561652872
498,405022.12156009534
499,458922.16864041646
500,350951.00607671763
501,541004.2927429581
502,531620.8891766372
503,513804.7517075945
504,412190.86680859653
505,390564.47946263896
506,781375.1920132036
507,461109.9803343668
508,295527.4065316315
509,436852.2079982185
510,451969.70372574613
511,267048.11684949155
512,418037.6517453487
513,436149.515950353
514,743504.8385875383
515,257825.86911180476
516,513324.63812721334
517,200009.66683334662
518,412348.33850585157
519,1078204.2984900307
520,262068.7508990235
521,384141.671080068
522,627403.1337247958
523,480505.64393463486
524,438052.4852538749
525,632408.7758021295
526,594622.1030982407
527,759806.8597167972
528,420923.4907672424
529,390533.339506928
530,350443.33045184554
531,354105.2550195267
532,503589.0756538039
533,498656.18907837756
534,404277.8412915531
535,357456.2415775765
536,338329.1616767392
537,914813.904290389
538,584083.2771695389
539,400018.02318921546
540,359830.98882765684
541,537682.4599895764
542,614773.7708187706
543,513591.1074798965
544,508615.4659112288
545,687191.5831802163
546,384732.90861187375
547,425843.1835021818
548,1269763.5652313414
549,418321.71968129347
550,289576.9886554737
551,246992.46219860011
552,230136.61340373126
553,323563.2297068791
554,807760.5344972523
555,263909.6774085065
556,370219.25015828
557,279301.2269666729
558,534591.7731918648
559,565524.4621907322
560,415447.4352990225
561,431360.53738344344
562,431360.53738344344
563,562542.0999800013
564,843519.5058534506
565,636100.5166973837
566,520577.55245513667
567,637726.7055549228
568,581590.7243962366
569,969492.9192128184
570,493445.56624711864
571,334301.00631029427
572,217141.04722270695
573,613581.1548633057
574,414088.7975401484
575,553866.0484754071
576,681646.498277304
577,304996.6858823912
578,318328.8386329107
579,468056.4761929627
580,696494.1104217954
581,580447.6283535426
582,734212.5602729562
583,232294.167511891
584,232260.11934433947
585,396035.97311368585
586,477044.0568549624
587,381358.4650061373
588,413362.10542119027
589,451017.776571878
590,431012.73019083275
591,345239.45851296745
592,368039.14821750356
593,411608.9154187662
594,306922.6366815263
595,588501.5412476128
596,278598.73347394005
597,222447.76028696465
598,797339.0603391409
599,572384.6813548387
600,524305.243361199
601,657883.003003108
602,290557.3160825756
603,251985.60415507748
604,587191.3429766792
605,1250086.3475781009
606,234466.93370153953
607,1331272.3366634175
608,242552.34737423417
609,2111577.0546673746
610,603308.9230392217
611,249806.16566020483
612,1519546.1274841381
613,703512.9534997944
614,976695.1963960249
615,658711.6876594152
616,371228.61665417324
617,204781.7217414024
618,302842.71538360056
619,596035.200323924
620,484635.75800237886
621,836723.4447086089
622,406308.3863657459
623,516151.7289313318
624,219279.87165397417
625,516946.4264160035
626,594979.9367906877
627,421168.0531513151
628,499827.14017700346
629,1091124.7507518916
630,494731.45905374654
631,477620.8225114248
632,269445.19874937576
633,514696.16459111276
634,377128.80457447504
635,513495.83786009124
636,303392.4294787025
637,251598.8430084451
638,396888.86696166615
639,415726.76892134733
640,553976.8350581645
641,452988.9277970237
642,564125.4139752316
643,304958.40838489006
644,261452.66284636897
645,689616.57787968
646,486675.63903712516
647,615474.0223721262
648,669284.8592225416
649,339707.93446113076
650,429526.2253206705
651,1377821.642239953
652,301748.04876646993
653,247310.2188587843
654,642994.2472106952
655,270462.5189413009
656,266062.6660771712
657,410884.12222576677
658,370468.21721061016
659,1328579.1965385564
660,284210.2283730254
661,518037.3176166178
662,960998.9484374037
663,651250.8683116677
664,445310.64701338054
665,477974.01339976734
666,766616.2360948377
667,618997.1904066708
668,760990.8958716189
669,299480.69881294435
670,1311568.2450201
671,384147.023903174
672,1165129.2472520182
673,594232.1350599623
674,273900.04864832165
675,495155.6518326318
676,331731.0448541194
677,422998.998633993
678,599247.9847770518
679,702646.4485747587
680,599584.2585933461
681,407292.95481818204
682,624126.5052154048
683,403189.21994666616
684,315591.42602932325
685,485537.08524751547
686,353690.2776573176
687,423224.804725204
688,502803.0099814795
689,517412.14455941704
690,1659617.164263776
691,363796.52627932664
692,342370.5249005981
693,433941.2751248984
694,170823.5502290167
695,471977.8929009872
696,405978.347340983
697,526825.5458517153
698,319311.58045041026
699,681095.4441101822
700,306584.3109543759
701,331903.5280149919
702,394115.3731473398
703,415866.5624032491
704,464983.97635885794
705,2145141.998185818
706,372829.73014075926
707,621887.0894594244
708,404291.8086221729
709,451952.39330803487
710,355714.6772822229
711,586707.9654287314
712,925119.4727197234
713,362298.7332445086
714,1035338.1768384987
715,567274.1441816819
716,199424.69591086172
717,669282.290896529
718,344316.3410905828
719,685131.5413766806
720,655643.4896662119
721,609978.314691541
722,780848.3071050977
723,222230.70118990343
724,402210.41360634146
725,467123.77396318107
726,499676.47317237617
727,429383.57334876864
728,287460.0885533416
729,432589.1563752139
730,379312.0041617473
731,309623.6222046226
732,508745.7674894916
733,574015.6363743085
734,717723.3905674753
735,684036.3226153258
736,450203.79383232107
737,398069.6930989844
738,532622.6710531925
739,507749.61504883645
740,373334.0471917741
741,454236.3923805832
742,124777.34368300112
743,435178.6015546785
744,536271.3074667439
745,325455.9258445159
746,519892.3938808879
747,940007.5428197809
748,369160.48237020534
749,412502.53156821546
750,536178.8986901988
751,662103.4314374429
752,232543.47236349923
753,646972.7427180639
754,429369.0053136343
755,717746.7672094326
756,501917.630584848
757,463635.98894443654
758,478080.40465375443
759,237191.82675905334
760,1097729.3505257661
761,506938.12281522225
762,210626.15337426422
763,453245.8513931298
764,396269.2597883062
765,483162.2060005582
766,664579.1491407715
767,787534.2790132577
768,412263.98843910836
769,185119.14638544447
770,532174.7110737178
771,383029.2573058128
772,539961.832820495
773,327734.2424594817
774,348581.6023137758
775,419469.22208506765
776,568066.3890928179
777,450038.9076889672
778,373772.1920001125
779,1057056.3430869007
780,421831.26385150023
781,984845.0497751439
782,744200.2040034207
783,978744.937449753
784,395006.4673316836
785,1320864.3342456147
786,467537.6423376559
787,268698.0285472467
788,496104.323677714
789,714922.849888553
790,506925.3346788455
791,320298.7980414126
792,529993.8108707677
793,767188.0280966242
794,140684.32445695973
795,357136.6575444995
796,501631.1766129477
797,732764.8429861697
798,288620.3923224559
799,331401.71545727993
800,349745.4654831209
801,455968.70320570306
802,153113.73401905398
803,515805.0877271991
804,436218.1542365755
805,380762.3817201465
806,401559.67168691044
807,715182.7860445663
808,943813.5986096982
809,261523.45141822955
810,462937.6436081757
811,1633156.9970130883
812,304269.0499516844
813,677425.2030555184
814,321081.59679722344
815,525865.5485324396
816,260012.39775888843
817,330862.8148119658
818,169508.7116474323
819,707662.5016271259
820,285048.19264776993
821,1334045.2188743642
822,257266.9600712381
823,363114.96849348885
824,605254.4346712724
825,443330.48204841267
826,368174.7835190997
827,468125.92466796085
828,449487.78588825825
829,460220.9164891513
830,968330.7682408697
831,691320.4907917754
832,506470.7323479402
833,227751.08662589593
834,437570.80179597554
835,287455.4682354386
836,257753.83510812605
837,457349.2547389391
838,462243.9157497457
839,430882.41570409643
840,803371.08104516
841,308310.6831434382
842,451858.00552972255
843,579321.5350383755
844,418096.7559737555
845,398144.5425353274
846,486111.4584877967
847,530834.5502461754
848,858860.3669065982
849,578987.5551067247
850,367939.9874864145
851,343404.2461515444
852,440783.507760659
853,345613.1014147232
854,659579.2987876398
855,446355.55948339845
856,1706023.5856584366
857,701441.8635890171
858,401092.46275179076
859,523495.5226093151
860,358554.1889234908
861,320324.30898457626
862,951430.5243159314
863,453427.0426863723
864,762039.9334771808
865,582209.4535301984
866,560293.7941351089
867,419689.5118278392
868,694925.0168775903
869,613015.028038824
870,355602.640572145
871,607053.415760828
872,386680.16637737246
873,657480.918279528
874,247565.931957427
875,302675.7306731369
876,368542.37139201735
877,447134.3667463276
878,219018.40191708703
879,568671.0361543632
880,409771.42453679
881,383134.7347081669
882,248257.67789975018
883,439756.20943086676
884,354253.7363390578
885,426343.50176318386
886,217014.62981741002
887,699769.8853524312
888,379601.1564644289
889,368360.9770220441
890,443832.8692384132
891,228903.22480860865
892,540643.5140134193
893,1009813.3287242156
894,432577.6921309505
895,863937.0539627288
896,295056.6317638472
897,339146.636219098
898,626911.9380591232
899,636421.0264680175
900,393875.370720014
901,439224.1467057911
902,459225.6573718629
903,516773.2502809643
904,328602.84020275495
905,861063.9545747463
906,1010724.4604439625
907,491516.1746892183
908,430164.52768820745
909,2176625.3201485
910,1599419.391489759
911,544421.3471699161
912,1287774.0803562775
913,249503.50859120535
914,598062.8417410576
915,583360.2796881617
916,1392046.1189842466
917,484808.78678827325
918,1549837.249770211
919,924148.3430994654
920,305172.5555951238
921,350300.90128566104
922,471809.82161626685
923,339316.1035495027
924,471535.23397335235
925,292076.3835213587
926,551030.598329399
927,550655.7144255901
928,286870.629829937
929,406528.05196573306
930,324872.8004849014
931,311641.84733554197
932,518978.2207527503
933,375577.0797217031
934,297335.4624097183
935,403166.01295834396
936,1589952.2117467746
937,409293.7069020426
938,289522.59106980683
939,523920.9158157981
940,421509.56106259616
941,399373.5849831585
942,394601.5465405118
943,374218.01517448865
944,374218.01517448865
945,455297.68217946775
946,588850.7686552514
947,425923.14485982433
948,755926.4957448266
949,499122.28851538186
950,853889.5775965385
951,499441.36494646873
952,196763.05390819564
953,409657.8434086406
954,273061.64378779684
955,263734.8460667607
956,356595.7394534034
957,482471.67629368964
958,984883.8894641318
959,703528.7641539291
960,300633.34093618207
961,267959.614176807
962,703036.8963890614
963,391323.1214501088
964,499602.99939764326
965,331718.32892326044
966,1055536.1645718822
967,392800.06957172125
968,464377.82863942673
969,740344.2975842274
970,513969.16440572124
971,753756.1635454096
972,362727.7693569774
973,337294.47294032434
974,312752.27206728945
975,371087.86229436577
976,1696784.1064673252
977,414422.24110458733
978,443662.2215287959
979,426956.9589543032
980,320141.5947351736
981,241233.7771081138
982,529679.5510028909
983,510241.10584872635
984,676248.7885091864
985,1018489.245392257
986,410548.56505352247
987,428406.96933202783
988,428608.6951079485
989,410253.8261325953
990,315201.6554599317
991,961131.4979584883
992,635247.9803829324
993,252106.79155439686
994,219335.39744612738
995,439180.94918999565
996,475713.9326086879
997,1663828.0840779003
998,1053041.2298682402
999,406627.70058574865
1000,310378.82208973577
1001,803343.2575006796
1002,342188.01887351647
1003,314990.72428986407
1004,436472.7806527114
1005,418423.9031057309
1006,282232.48477284476
1007,397514.53223572345
1008,387312.3910501702
1009,526845.145787679
1010,438489.87052641925
1011,440629.6111280265
1012,1895549.0865657781
1013,365594.36363230506
1014,1085450.0810963
1015,464856.95822429936
1016,724466.4959064355
1017,740623.0887414492
1018,255919.64645452006
1019,363313.67097722634
1020,450529.83233866387
1021,446144.61114187096
1022,369561.87025689916
1023,887384.0132763053
1024,448130.8740908209
1025,248734.08037631202
1026,415455.5585722212
1027,309444.7767784789
1028,556785.6183524783
1029,880669.1621184582
1030,251005.90179294167
1031,366579.5317172881
1032,767222.059781065
1033,284394.38292989845
1034,845607.8354335844
1035,269900.4359620181
1036,328854.09785195126
1037,765670.5572259972
1038,1791879.1880956558
1039,654603.7396782937
1040,531731.2532138895
1041,594748.7401552306
1042,305630.5819764746
1043,729880.5021138788
1044,633170.1158675419
1045,433703.72926840826
1046,508587.95111528307
1047,599100.8239892884
1048,341014.5378664554
1049,502774.57594883954
1050,333069.1799197312
1051,534921.309575872
1052,340051.5280837974
1053,527084.6656675497
1054,415265.85203215084
1055,290652.336929554
1056,643942.4428743173
1057,420338.92816819495
1058,423117.65691789356
1059,373037.44331450376
1060,603860.2898183528
1061,369048.3375317764
1062,289376.971794331
1063,344242.5791174129
1064,251110.34044486296
1065,329688.43725708313
1066,306093.8907757794
1067,926775.9974876503
1068,445819.11251707084
1069,329704.6494288377
1070,436893.25497183914
1071,288315.4378217928
1072,767914.6168671855
1073,700088.5081596264
1074,323825.9181311707
1075,588700.7078254832
1076,1543877.1035442688
1077,884801.1667949014
1078,327113.63796807395
1079,555421.1262077745
1080,331114.9275156935
1081,314431.5938902084
1082,403951.66374309466
1083,583318.0990325662
1084,286631.40141764365
1085,972159.1006807877
1086,348830.734717779
1087,472652.93832774623
1088,655761.920108563
1089,-131411.6417559961
1090,403612.29198976606
1091,483608.8468903466
1092,1172438.5396089056
1093,286384.03007484775
1094,747152.8109037563
1095,393022.4179788204
1096,281244.46044789953
1097,439842.3933107982
1098,405601.66809359286
1099,544014.9099039439
1100,437562.81166718726
1101,292635.165833486
1102,776692.3437453905
1103,915324.2935153113
1104,296280.8876124908
1105,546475.9128856016
1106,297160.6217004728
1107,348779.2976580694
1108,224044.31741974957
1109,312471.46699141
1110,956621.4870174606
1111,440928.1050462575
1112,863111.0771905539
1113,305010.4151968374
1114,649107.0471340747
1115,569676.3233477582
1116,438002.7040618935
1117,591203.1748175056
1118,681856.045927532
1119,2111517.774276708
1120,462132.54121784074
1121,500112.6284923997
1122,1437935.6274468382
1123,373076.4820524312
1124,1867457.2852540016
1125,706001.787270547
1126,735072.1349531831
1127,315391.4027159326
1128,424733.4223233613
1129,283189.1337519847
1130,520113.2862229423
1131,258956.91636609368
1132,296590.1479647757
1133,588944.128603361
1134,433305.6264335016
1135,389270.24659461447
1136,484765.85969768045
1137,2301784.4288483406
1138,502494.7502495721
1139,503310.8438308353
1140,290728.49930720543
1141,520092.9945083613
1142,1053937.890434063
1143,232874.81379513396
1144,516257.77765257435
1145,375268.816962373
1146,370043.88772641704
1147,978604.8861302191
1148,472253.68049881805
1149,326883.43235131924
1150,381416.8839638989
1151,511408.35754894384
1152,525221.8657476375
1153,531978.6351884084
1154,484601.98707219807
1155,435753.18264618004
1156,411617.47549415135
1157,659758.0347405861
1158,337972.9143299521
1159,416480.778296232
1160,367190.4139422538
1161,922218.0397058849
1162,427291.85812322167
1163,296743.8709833431
1164,955964.9956131787
1165,2206225.0765094683
1166,432005.7049417576
1167,376555.36318534915
1168,371160.147440552
1169,476937.4623289815
1170,1171430.409053131
1171,1024891.9811306578
1172,468486.10154222755
1173,309974.2116123565
1174,280743.1876171655
1175,419823.9441656186
1176,303447.0560730407
1177,215268.1514286016
1178,226286.23323214462
1179,370749.86076961213
1180,284083.6746777125
1181,696462.6387434892
1182,275111.197719711
1183,623938.8135076875
1184,363321.86934847233
1185,311843.22480300034
1186,154838.1375033144
1187,2961299.971570462
1188,362503.28403109324
1189,382256.03152965696
1190,349159.0542760618
1191,93618.87152993924
1192,2177066.6639231746
1193,454729.4844721138
1194,443364.84276519367
1195,320722.0494510626
1196,357300.96585315594
1197,290093.1183571734
1198,464243.4887340347
1199,557123.9858589603
1200,469550.55757996696
1201,415941.0304280736
1202,445098.73954846745
1203,433735.89811260765
1204,426218.1489874178
1205,701114.948509136
1206,345137.1026789284
1207,250665.76287236973
1208,285670.4027404047
1209,362766.1074308711
1210,261810.0746290197
1211,383847.1842218258
1212,442218.734832929
1213,691899.5200318274
1214,299993.106157164
1215,579801.3748918496
1216,535176.7704113243
1217,512611.0711760286
1218,63639.67073745202
1219,659623.5650745913
1220,418233.8559536665
1221,909316.3404099976
1222,847112.7407462142
1223,471838.0632531252
1224,468834.35856465355
1225,365063.4635612726
1226,867080.089296935
1227,355973.591457595
1228,291544.83038577705
1229,1135288.176865758
1230,908160.3709200134
1231,539858.7153305088
1232,482004.6270147
1233,589760.829866008
1234,214066.052546789
1235,533675.2823894646
1236,579263.9297918621
1237,337946.1002538167
1238,206334.62505287398
1239,854341.3941380912
1240,268137.13652678486
1241,542786.6960665799
1242,414628.40738406
1243,649445.7229656646
1244,503584.90551601094
1245,917730.1753647963
1246,641058.5055079814
1247,329803.54109758267
1248,375699.0839861949
1249,739360.7922696823
1250,371277.9739485601
1251,560193.4134290313
1252,607991.174780214
1253,936179.130619834
1254,512468.00723553007
1255,375198.59356458497
1256,424600.22585197515
1257,580113.4504768648
1258,688915.9082875875
1259,343468.9635406983
1260,415342.8008161725
1261,472068.12463650363
1262,700404.1120441231
1263,417874.20165919664
1264,500102.41162795236
1265,1232356.0624921932
1266,2028810.0350757018
1267,545329.2245384542
1268,257321.96628004138
1269,432047.46560793056
1270,433800.6468107115
1271,356660.54136768985
1272,478857.3484797658
1273,738738.9276117971
1274,263205.55717192916
1275,263205.55717192916
1276,261032.83427630464
1277,588191.0745775405
1278,850300.1927375138
1279,541289.2527543622
1280,581833.4794069391
1281,236832.49529780552
1282,398751.023393156
1283,721511.3463893782
1284,179707.52075346583
1285,498967.78155379416
1286,282041.99877481535
1287,279309.0216245224
1288,289690.205510275
1289,291922.9834480636
1290,477615.85852272087
1291,384813.679884544
1292,513856.57186778216
1293,686445.3740253218
1294,311120.3236748128
1295,508723.5833513491
1296,202842.1829069876
1297,377742.6457883173
1298,379124.0545990701
1299,649725.0068427674
1300,394238.10002784594
1301,409071.99834060855
1302,440755.1310521215
1303,407007.05618624715
1304,1819898.4824091974
1305,305073.264502475
1306,701437.0857547914
1307,1055726.2514520427
1308,372321.553051259
1309,788296.722972934
1310,146522.73470159393
1311,387377.85859868024
1312,439244.35931431816
1313,701423.9435358469
1314,287876.9566735388
1315,358810.53019227006
1316,581771.4679893341
1317,1188370.3578337175
1318,386282.06823677965
1319,403282.93503838347
1320,302708.71155592473
1321,413298.1829542356
1322,244198.35638474335
1323,543474.5169707251
1324,458557.6919633036
1325,309094.7216925329
1326,437097.9841256025
1327,658376.0925579357
1328,530003.7582229797
1329,533537.5056175912
1330,310538.0806263769
1331,661959.7319533642
1332,443705.24866648065
1333,384977.01082759385
1334,726006.23242897
1335,531967.2564042477
1336,1356915.4765332118
1337,430010.32312657486
1338,920349.0153847756
1339,278618.44114054274
1340,463369.6844306713
1341,1184034.6553356224
1342,543672.1989291725
1343,656321.0262993048
1344,504301.430994828
1345,302752.7012033437
1346,646263.9723952856
1347,226529.6363281936
1348,542645.7377611627
1349,383704.73361425963
1350,469065.2423322097
1351,740191.331544083
1352,374877.96579679765
1353,907275.6960136693
1354,439351.93694646726
1355,287660.3215551675
1356,477233.9124506088
1357,669259.1936498389
1358,480810.75317666586
1359,405656.46129165066
1360,392678.5429322083
1361,737947.4922861311
1362,436368.61918777763
1363,542915.8249842441
1364,245898.59181952884
1365,1138904.5559145822
1366,623880.7399359356
1367,338879.000482234
1368,583199.8387204135
1369,562469.2287350353
1370,555993.3197951564
1371,661071.8849995683
1372,476421.60425079206
1373,479826.4857904281
1374,311180.71072201943
1375,505037.04595891875
1376,699891.0952643444
1377,401868.1293960911
1378,432411.9535006633
1379,516285.73511519574
1380,772360.4321932372
1381,397491.1069801566
1382,469115.9747048835
1383,413739.269311931
1384,350336.0037866493
1385,1084857.2039264417
1386,566767.0794090868
1387,444040.8036944439
1388,358045.7144611579
1389,414026.3440126892
1390,814354.3179300259
1391,316373.8717230926
1392,418267.070845664
1393,212261.36292625184
1394,574659.118022168
1395,385124.11560076644
1396,657205.9613229537
1397,507382.715786895
1398,550332.5423196732
1399,355004.94869187486
1400,430670.2584102964
1401,302560.08123200445
1402,479572.2646216055
1403,395872.16366118053
1404,849846.8021906271
1405,411106.9586298191
1406,673072.7368452162
1407,528029.4909239183
1408,427267.1384521887
1409,372552.0887627065
1410,552168.2386898424
1411,665937.4256224806
1412,478114.3173100344
1413,461582.109555879
1414,461582.109555879
1415,295255.60832448094
1416,295255.60832448094
1417,411356.7134936437
1418,592963.6586464993
1419,536818.0935658759
1420,361184.5818511852
1421,296428.2880322607
1422,390329.8405709781
1423,210434.46312236635
1424,467522.8502863493
1425,979818.4286160172
1426,937827.1291688608
1427,158666.9067299494
1428,770725.8408800837
1429,235301.74633812567
1430,266700.88918483316
1431,591839.1411038755
1432,1559343.6235299734
1433,165486.5211548466
1434,412916.2849601074
1435,329272.0758140917
1436,970691.0152884767
1437,153102.61511233065
1438,350922.5169868829
1439,345106.1033096623
1440,594252.3530694094
1441,1423806.0318510649
1442,333549.6650815897
1443,393001.5367842978
1444,439696.7604249732
1445,314810.5348031648
1446,456422.51588229043
1447,472344.6764344502
1448,343421.2945913826
1449,398837.228210871
1450,502452.64592125756
1451,448168.8335806511
1452,310681.57732537447
1453,522575.8198962371
1454,686368.0584645777
1455,285803.553546775
1456,746357.5859936702
1457,418842.0606454902
1458,809301.0116158772
1459,297791.75613589596
1460,588095.8162171181
1461,220598.16961544286
1462,852923.0763948659
1463,343373.7176501651
1464,499744.68511010706
1465,353406.2443662407
1466,852884.5828899521
1467,479563.07181190373
1468,629400.6015668501
1469,469184.28877199884
1470,444083.82625609834
1471,480535.76065983495
1472,306132.86942795035
1473,306132.86942795035
1474,734273.9235380186
1475,362830.15261202794
1476,443074.7872740831
1477,580146.8031783334
1478,1582105.3092407943
1479,453413.62117422605
1480,695470.8142177566
1481,420955.982556988
1482,339549.96555397543
1483,247537.7343235386
1484,416724.9663502994
1485,898902.5612176477
1486,1021608.2436729806
1487,484320.02557865693
1488,229628.15007701016
1489,909751.4152282504
1490,327064.9410188558
1491,309419.0519080936
1492,2036669.272215751
1493,602278.5085033124
1494,276255.12713200675
1495,600112.1784428178
1496,403613.49168830866
1497,672856.6757850297
1498,361610.57543377834
1499,639106.0838082585
1500,712447.3443659913
1501,1685203.0927021792
1502,816239.631487057
1503,1387048.937450124
1504,700440.568149524
1505,507504.8950126745
1506,254141.76233479206
1507,372103.8525588701
1508,460197.90288634377
1509,381236.1579158491
1510,579278.3892147008
1511,357034.28822269547
1512,823425.3473343911
1513,433268.0656147717
1514,430648.3850164729
1515,436428.0323310266
1516,1076978.4422458676
1517,658984.622304903
1518,246303.3359502497
1519,471125.4220252648
1520,456337.45532870863
1521,252678.0201846921
1522,673088.7975928051
1523,461536.32903607946
1524,622257.7803857517
1525,479257.44156332745
1526,343231.92468303966
1527,456202.12899240886
1528,699929.8728493062
1529,587303.2918868285
1530,593217.320109194
1531,328752.72658562474
1532,328091.4418716902
1533,510301.9023872466
1534,677163.551908416
1535,452108.7804525405
1536,847159.1228110059
1537,740870.7212142404
1538,1650008.3934263857
1539,745811.4013044393
1540,386027.8906427091
1541,733601.4702580211
1542,762422.4976114722
1543,604686.8689864104
1544,431814.1208888211
1545,365338.85973297455
1546,650975.4337784575
1547,245780.15618503222
1548,498133.23550617474
1549,385548.4577952109
1550,501334.0428070051
1551,283425.8993490377
1552,312855.7806812639
1553,522758.08828282694
1554,831961.2914393462
1555,602101.9021925324
1556,416695.8582973394
1557,427852.1504903184
1558,1549855.607034884
1559,696212.2066522528
1560,931191.7286275167
1561,603631.2902839837
1562,339726.4236145178
1563,455061.817301322
1564,462107.69546121673
1565,248742.9867055047
1566,312320.1008268085
1567,495519.39473885624
1568,408496.72126267094
1569,488677.54202346446
1570,755928.9654007258
1571,807911.83195462
1572,641221.6742178345
1573,577930.1775434186
1574,661858.0535135344
1575,271938.87178470887
1576,812188.7200918655
1577,518244.0146461035
1578,948859.723433288
1579,486140.3406729603
1580,877390.4994289401
1581,339735.7923998765
1582,515840.3851828852
1583,350210.14519994834
1584,333314.10358921427
1585,1528585.0529178334
1586,419185.2949241124
1587,386213.12070305087
1588,289136.35503346566
1589,490061.0465866014
1590,251424.6772091824
1591,484915.2443248754
1592,1397511.296883239
1593,376899.47962080024
1594,553066.6925249307
1595,430710.3336191003
1596,373578.2758547331
1597,632863.6795070491
1598,452093.7831836799
1599,454679.99431499455
1600,881586.5143079701
1601,356407.5334948569
1602,771046.0449987781
1603,627437.0382418418
1604,356272.8456131165
1605,333794.143427865
1606,662366.7109199109
1607,195050.69267501382
1608,319636.197706401
1609,458924.4396790146
1610,295876.7403893586
1611,435651.88809284836
1612,666518.203147594
1613,322608.0560221433
1614,575198.4735409186
1615,311064.1488389025
1616,418325.35307797557
1617,531788.8164291525
1618,355024.3746489808
1619,432571.9561426677
1620,630003.1593139153
1621,1060724.293022185
1622,972077.9735113991
1623,337557.005520014
1624,1374288.1182732875
1625,314687.89501426346
1626,460618.2447383087
1627,295862.1199951335
1628,510969.05226368306
1629,606520.6389220185
1630,533970.2973843861
1631,475180.05735540076
1632,441668.087973307
1633,666403.0558571626
1634,613279.2323995157
1635,276282.79733057495
1636,906255.1090935634
1637,394656.0084206185
1638,511117.43384950724
1639,674188.2875164746
1640,326936.2123773041
1641,379346.52135057945
1642,707519.8423181555
1643,363011.2950387236
1644,325777.87093156716
1645,536618.6790170904
1646,323310.43770559074
1647,366669.69048162154
1648,252148.14619274403
1649,321769.20951689605
1650,501985.7602243271
1651,967028.1307834818
1652,260154.9358681636
1653,454575.6425502205
1654,289804.1349489653
1655,448534.1450792918
1656,258994.22000532958
1657,364365.56770766
1658,687460.42881386
1659,477229.82180583593
1660,495715.7367116959
1661,580237.7960447298
1662,505469.00173309946
1663,340472.5799022949
1664,383731.90713303094
1665,936346.0940121629
1666,407280.11575781193
1667,598719.4538038865
1668,571713.2138584589
1669,248558.70836534933
1670,300535.60513168434
1671,684787.2936800929
1672,417037.0781491434
1673,336735.2879785042
1674,766263.2267983112
1675,398334.67683206534
1676,541311.9642743246
1677,475584.17290754174
1678,673112.5363996823
1679,476509.9849295018
1680,516173.1060643686
1681,925119.4727197234
1682,447798.2069244874
1683,465266.60448865604
1684,623768.0310742718
1685,1718432.1471024132
1686,571095.2557341615
1687,626450.0676290801
1688,571934.5480274009
1689,500517.3895847695
1690,1071623.6696659024
1691,338792.4292988635
1692,840436.5436436507
1693,287839.656547474
1694,877522.4182937074
1695,342179.0871901149
1696,225740.3550004306
1697,427728.1804122892
1698,453234.0183571059
1699,539673.8183296394
1700,286945.2290833782
1701,1267925.4906815798
1702,1267925.4906815798
1703,483804.66846997675
1704,320618.91262162535
1705,209736.75703732873
1706,685603.1989960346
1707,220887.72228388046
1708,272119.18776209233
1709,511518.37763446313
1710,541248.3830867122
1711,533892.3798364118
1712,1011352.4032447295
1713,499065.45699778106
1714,349471.49269951286
1715,310605.02247234795
1716,380111.7964033907
1717,647339.987329078
1718,374438.5340536977
1719,345097.97066933825
1720,1135912.1598134395
1721,453009.55087898683
1722,558972.4976807585
1723,354576.5482660602
1724,516315.3233099987
1725,701001.9761655101
1726,368776.21031003585
1727,3800096.4387875297
1728,143431.47414293326
1729,305972.17558247363
1730,419405.9517282583
1731,254519.62996842642
1732,589525.6106317679
1733,521272.85859108483
1734,735406.9157668788
1735,469300.5249239262
1736,651484.0711294217
1737,491453.9155325468
1738,226721.70007065532
1739,755394.678412622
1740,458412.12947306933
1741,852239.0817880984
1742,707771.9234029223
1743,687806.309833195
1744,322375.7804287251
1745,644815.7777155245
1746,392446.7872851102
1747,481514.779675258
1748,388616.11885353713
1749,656340.1250199024
1750,376502.24977907795
1751,748829.6312388135
1752,496220.89731674944
1753,871777.4456385613
1754,555500.4549625423
1755,370607.4173455611
1756,907475.1838773217
1757,410314.6335198623
1758,305317.6098961235
1759,425197.5767720173
1760,689435.8700631674
1761,342111.37984368217
1762,385235.7231647051
1763,1115870.342758053
1764,243388.01366376062
1765,867657.9009125368
1766,543554.5818920947
1767,423305.9443322758
1768,428752.76328198775
1769,361271.32201153855
1770,362441.8450453436
1771,303764.55044521403
1772,268910.4039523994
1773,619092.5918706792
1774,773957.3177854032
1775,329606.0248864696
1776,465760.77860237786
1777,639588.1711563674
1778,1293702.2712062309
1779,378281.3496356637
1780,344025.36373323516
1781,463309.7130509942
1782,547309.236821027
1783,519867.417164444
1784,294974.76432998735
1785,363130.81222316716
1786,212796.92633116967
1787,294270.5001695828
1788,831560.2264239361
1789,423053.74566561857
1790,866216.8414571207
1791,399281.95779981685
1792,428530.03506220644
1793,831834.1643536158
1794,400219.99622733216
1795,544167.5863925667
1796,411529.74765260867
1797,307444.442742851
1798,814451.2555978628
1799,452478.2668880401
1800,248943.70799894555
1801,1089427.4853289048
1802,314112.53609811305
1803,545156.5944496565
1804,478283.4534358224
1805,570224.4098947243
1806,441064.1056864024
1807,1153735.8607129375
1808,224067.41249324637
1809,568048.615017688
1810,379895.575104906
1811,738076.0859753249
1812,958853.1601245634
1813,379384.85317010863
1814,1170624.9722380158
1815,373616.06865730183
1816,587002.0581671416
1817,516768.93229449156
1818,828100.9680357027
1819,737478.7125898344
1820,639504.4416991506
1821,326230.53010463016
1822,562070.065860259
1823,260972.20091470273
1824,708654.8806123356
1825,218673.14870770788
1826,590064.5320914614
1827,723719.6940602105
1828,326399.1798110347
1829,712978.6416548123
1830,284733.93606798747
1831,173728.46094282056
1832,254915.7603012654
1833,683200.2856292013
1834,507389.3870998785
1835,349663.6426437278
1836,330917.96931323176
1837,579699.9335482558
1838,249134.1372279207
1839,333824.2362278309
1840,772838.0163904263
1841,387337.0376736057
1842,861432.9766864702
1843,785199.2589766254
1844,383621.43787703966
1845,333535.33835162385
1846,220137.71196032048
1847,378257.7668629333
1848,269920.351350999
1849,605301.4689249346
1850,439664.5967741383
1851,318368.3318283224
1852,693109.5722749198
1853,339891.3531642094
1854,380596.65530274017
1855,749038.7627827013
1856,405965.26237062376
1857,358716.9611501781
1858,2033882.4556109933
1859,848117.1481623285
1860,451982.4010579245
1861,412040.2109309373
1862,617988.9250484199
1863,768247.471948059
1864,496765.15822179185
1865,317829.9535776874
1866,1126258.8733225074
1867,395701.2117337604
1868,556256.9478828982
1869,372543.3036115455
1870,514879.0402682229
1871,532999.6385700272
1872,431213.6283924653
1873,432377.5367831009
1874,417885.1666753818
1875,384708.7118370085
1876,590425.6037205094
1877,322806.6070527415
1878,532294.9765887118
1879,479356.18262477184
1880,407976.67112152104
1881,305286.803365235
1882,978782.5012720518
1883,261730.05444337195
1884,201322.8094774643
1885,404233.07170489966
1886,455315.2078590777
1887,632223.8623484155
1888,1107117.5010926467
1889,429411.9731847788
1890,541051.2015063636
1891,707927.4825051874
1892,390888.6092177284
1893,356011.8906438409
1894,761461.2605984089
1895,506722.36970978905
1896,353441.8477933456
1897,367568.6236777317
1898,742566.0602790589
1899,348504.9668095069
1900,882875.5087640149
1901,558996.1554929727
1902,292867.4222206038
1903,319333.7326649474
1904,673051.3451801758
1905,421171.06781322695
1906,960382.5736928964
1907,732822.2495770907
1908,262018.21205878933
1909,461666.5113171161
1910,370314.6893914897
1911,944685.8543017472
1912,805097.7657015753
1913,847093.9912851583
1914,254132.22117283137
1915,725748.4156545372
1916,653537.6254834896
1917,533207.172390452
1918,455669.5614810495
1919,464625.4822041759
1920,464625.4822041759
1921,369260.1542100733
1922,612018.0259150336
1923,530360.7407076606
1924,559447.3032225405
1925,2021957.9457066958
1926,457391.2170248886
1927,523754.4239991463
1928,486344.5385516564
1929,397028.35958130844
1930,761802.0489148385
1931,381531.1483435044
1932,673402.491165147
1933,354339.628295996
1934,197375.10676322738
1935,250692.53268941416
1936,1449475.7413329277
1937,378416.2651190448
1938,329646.8174664255
1939,353184.24163459754
1940,330414.90559210477
1941,1604334.7779027345
1942,351618.26792763756
1943,683984.834495261
1944,131594.43547736644
1945,466540.03767999506
1946,1369041.235587942
1947,486690.4168236619
1948,313705.55757919734
1949,745665.2040081777
1950,447485.9482512289
1951,582564.716667164
1952,629589.621689253
1953,671381.8265827523
1954,551909.9129408108
1955,434403.65942628693
1956,467351.88076319057
1957,405010.2884529128
1958,248855.76888814813
1959,234457.61661683104
1960,232455.98492581758
1961,597888.0871922057
1962,271127.7213837764
1963,993396.9801617435
1964,531696.6642055805
1965,1360957.9504001718
1966,593981.2231519794
1967,513252.8671112993
1968,1033061.1782513609
1969,214149.6502029847
1970,1344562.8676610175
1971,232357.1542474979
1972,1157724.7804306438
1973,508130.58026229555
1974,426207.8211652932
1975,387965.56374963175
1976,301285.7460442208
1977,379938.61357631534
1978,607024.9036821966
1979,526628.7295628134
1980,1008093.0276188535
1981,425356.7840042693
1982,1123967.0093824388
1983,542343.5253243011
1984,953986.6512072273
1985,547022.669860279
1986,1003158.0024951776
1987,210359.55839708366
1988,534124.0202282537
1989,298762.3784918904
1990,481781.32636567834
1991,932886.0363500298
1992,515112.53276235296
1993,389541.13820247597
1994,287195.4719237187
1995,263259.58554366976
1996,674002.5273998575
1997,261408.71210218087
1998,282486.19648030365
1999,522896.54236115946
2000,296728.72808629856
2001,394863.5412679876
2002,529320.2638131178
2003,357205.4410405826
2004,383575.4420801308
2005,413262.1174062047
2006,445279.3788721912
2007,854268.4186815419
2008,571946.9862556311
2009,232578.24258261768
2010,438023.74920078437
2011,291275.52091166296
2012,950438.4869650218
2013,375563.3093934411
2014,334605.2180695692
2015,558229.6348419323
2016,416398.70115987095
2017,297047.69735383545
2018,326588.11830300593
2019,409114.557721216
2020,648054.9542429007
2021,420487.3105153291
2022,292733.01975096983
2023,469083.0423663639
2024,439871.91680476605
2025,689737.4667635037
2026,361156.43203050573
2027,420068.3578819361
2028,410156.25983413414
2029,712793.5264279385
2030,500606.01622349385
2031,321947.46791093564
2032,553834.7209948982
2033,1359198.6131105
2034,1122152.3920333255
2035,918292.4110136313
2036,386777.3244880601
2037,970154.3966002223
2038,595902.6483552492
2039,321045.47797792254
2040,784374.5367690382
2041,579867.5517502227
2042,369226.03786706144
2043,558599.9310165554
2044,1850245.8435485675
2045,360062.3919415934
2046,360062.3919415934
2047,574584.3799592538
2048,628849.0273261279
2049,579912.6065647734
2050,475713.805223629
2051,710139.1894865728
2052,394649.65791591664
2053,499833.77599955443
2054,123720.71347534531
2055,723828.8782576371
2056,306460.01535294915
2057,388650.15756119066
2058,336534.51084354345
2059,716983.5330757856
2060,366329.7706470991
2061,1101884.0215927358
2062,581808.7705276558
2063,418626.70100600785
2064,253603.0114943491
2065,687795.3690196655
2066,472500.8813796737
2067,1382232.2058925708
2068,256747.67573618272
2069,347308.23899761797
2070,529374.4135350246
2071,414236.20287273976
2072,886493.0570801272
2073,412972.5014463061
2074,352505.848616446
2075,946131.7834958422
2076,636548.912204189
2077,387406.4050299971
2078,469728.73925936734
2079,485733.39742984576
2080,383067.25730115076
2081,440967.07642083755
2082,343492.4642800682
2083,420021.13953730604
2084,448436.0538944319
2085,269005.09497190313
2086,464796.2422987969
2087,248953.12203721155
2088,389679.20648284873
2089,471869.7303540023
2090,478178.4684488579
2091,590995.9274706468
2092,414613.02419347165
2093,618279.9131109101
2094,150476.91471991537
2095,279479.1342002358
2096,440856.6632554225
2097,914300.2611031837
2098,313660.3478490119
2099,842326.9628671963
2100,473236.18702247983
2101,425420.7186475039
2102,275479.1624337846
2103,439753.6289861491
2104,428948.8300626803
2105,1007396.5308077394
2106,631662.8225457943
2107,636706.6736996715
2108,597967.079386042
2109,420101.57319006266
2110,340560.06598541536
2111,266124.70983051986
2112,667948.273023053
2113,1180728.210459536
2114,555172.3399028168
2115,181547.3927560529
2116,264072.7437215481
2117,556442.0444420367
2118,515266.26336187543
2119,353346.5638273868
2120,499910.94912569586
2121,130647.15448461217
2122,416630.8593264106
2123,382910.5321061186
2124,474077.1334370327
2125,497275.20863842743
2126,250956.78823436296
2127,191835.94582034083
2128,482723.6027617671
2129,674907.538357344
2130,588159.3548982581
2131,699301.1117598036
2132,380619.7376078627
2133,492012.52704567765
2134,217399.772791214
2135,690220.8812294581
2136,267869.7215632807
2137,442209.92733908526
2138,260554.7124368928
2139,740328.8534064643
2140,498041.1962196096
2141,658069.296351935
2142,462563.3088160468
2143,1127799.3750584847
2144,828858.81341631
2145,523201.76632973715
2146,491089.3375530706
2147,376402.77307168045
2148,250899.62653431867
2149,754475.701818852
2150,577278.9892848482
2151,449875.91207463504
2152,420237.8700559861
2153,682306.2427253042
2154,597824.4117372053
2155,636653.8281482591
2156,1488779.8944984926
2157,350157.37418162555
2158,263434.5246303949
2159,569649.4919298342
2160,965199.0625592717
2161,262008.86270964576
2162,142000.00000001147
2163,329715.46771540307
2164,1114372.3002688098
2165,532903.240238027
2166,395967.3744216997
2167,261705.5781261099
2168,430303.5862365167
2169,427931.15165195044
2170,356635.4862626259
2171,1089084.0129123311
2172,478304.35854383605
2173,615918.0528813737
2174,640407.5926760803
2175,608852.1928833298
2176,864706.2534127267
2177,567392.6637150141
2178,857258.9344391137
2179,595250.7092343096
2180,427342.65397742065
2181,594313.1518064925
2182,269200.68318913406
2183,253542.45615397685
2184,560683.1881401537
2185,354661.02532584884
2186,330402.52077069937
2187,489795.198951117
2188,309909.9440158728
2189,1120771.894381696
2190,387334.39297510136
2191,492980.53531116585
2192,295837.1481077911
2193,568015.8968095053
2194,1067530.7954313573
2195,680924.158562351
2196,430937.2011488336
2197,430935.76683057786
2198,223863.43619279005
2199,524580.6794512897
2200,489666.07603367616
2201,360256.6390077174
2202,862325.3391812372
2203,513721.2458796841
2204,388012.05118327437
2205,313423.7935407347
2206,477789.700318136
2207,347368.4772235749
2208,288231.2975663607
2209,342408.733429229
2210,329180.7541387809
2211,506775.39191489713
2212,533183.3261017429
2213,371900.04206130526
2214,593908.834381096
2215,547934.2785790835
2216,504004.82303011627
2217,432104.0983579991
2218,635924.0489441158
2219,544098.360782051
2220,353422.73308222357
2221,348321.11694685766
2222,299879.29854243447
2223,472123.58492710197
2224,398705.01735796744
2225,259126.1864265895
2226,337980.94038630195
2227,467645.76794282766
2228,423850.7538317363
2229,404580.94111647794
2230,381807.0140407712
2231,369230.3559227104
2232,526824.5470016252
2233,424134.48989057133
2234,426404.0056227135
2235,454087.3216084372
2236,860879.3598847198
2237,1370984.728565142
2238,615679.4067769938
2239,1200625.9437704347
2240,346387.2836005334
2241,1478760.379196946
2242,324546.78204650746
2243,412132.86397605645
2244,503577.4667507722
2245,579049.1496910538
2246,295394.5979267054
2247,772453.2486400468
2248,457567.7708323983
2249,242722.10508431878
2250,523960.3502149327
2251,245272.1842580065
2252,713936.4507967016
2253,339049.2825197523
2254,361073.630382449
2255,316375.1636221742
2256,413840.90084794443
2257,887605.4471148467
2258,486574.89276193385
2259,452004.43027676956
2260,373538.752688101
2261,356718.44770174904
2262,477200.5178311232
2263,477200.5178311232
2264,1308799.3359558573
2265,667859.5545780187
2266,670313.9700395688
2267,422939.07278626214
2268,748495.9289271068
2269,311887.842860615
2270,616362.5869835591
2271,456346.58025481296
2272,1456936.8465507827
2273,323408.09636598686
2274,1299757.6793281683
2275,319727.64254427305
2276,733938.0860327363
2277,354220.15695407824
2278,522789.631558793
2279,601716.5699428372
2280,373803.24920193467
2281,516593.3792092508
2282,301743.1283717699
2283,491133.7650441907
2284,284226.05906195997
2285,596596.3935578392
2286,734066.2897784435
2287,421009.33713828016
2288,245727.09820498736
2289,648199.0069851087
2290,681290.1262632806
2291,479554.918922105
2292,333094.14400019695
2293,966721.7405071501
2294,442711.64027577476
2295,287599.7201197116
2296,368787.43435147183
2297,739467.13139607
2298,361055.81641266367
2299,342237.3177337839
2300,343720.78082200966
2301,442844.6817659644
2302,267494.3446199379
2303,237222.6843595251
2304,925215.4037791088
2305,366468.97128695494
2306,503237.60563021374
2307,204428.18188251078
2308,408267.05141952937
2309,454152.1919568393
2310,1645371.9961922863
2311,365506.2300282925
2312,483106.92001622065
2313,330824.0687618354
2314,494448.6520416625
2315,745728.1264240652
2316,424086.8257806223
2317,757384.6215520548
2318,279002.1267798153
2319,451046.5315439168
2320,419460.16665048164
2321,709489.7739670059
2322,587604.9931772574
2323,1488157.3414595993
2324,788988.6836053038
2325,484051.6771279577
2326,344800.15628811216
2327,395691.99294396106
2328,229668.46870978607
2329,1100222.878743722
2330,1002212.1815618593
2331,291579.1722005694
2332,1116043.3185212752
2333,336972.0372049274
2334,695142.3826002413
2335,866308.2672934233
2336,1187871.2761372412
2337,356276.1568693762
2338,455835.1872923274
2339,732592.8952629339
2340,557002.5052647813
2341,307461.9717984828
2342,452699.15055095474
2343,419897.89607996866
2344,408973.422422561
2345,860267.9188916715
2346,584758.9956764139
2347,449413.6876314549
2348,754823.7640659389
2349,447012.3645752565
2350,405636.54948499915
2351,746913.2816929221
2352,424139.47981287923
2353,807445.8277580179
2354,458369.6452687457
2355,489167.6696029911
2356,420609.0316019214
2357,1010408.5509041023
2358,444914.1438051114
2359,945406.4477070956
2360,155796.66595938173
2361,521542.1056528005
2362,414694.2204955922
2363,370546.29766435514
2364,392343.259324452
2365,335065.42216292175
2366,753756.311659619
2367,672681.2705972708
2368,989655.3718822766
2369,496857.97685600223
2370,429327.1357837571
2371,444436.82280290127
2372,320423.4452133343
2373,522868.25948509155
2374,295791.7042650593
2375,276194.6604413892
2376,331133.3353730065
2377,945087.4498344606
2378,704681.6095395195
2379,509377.0724028355
2380,1065578.5977588189
2381,762887.8603338791
2382,905023.9096583878
2383,380809.84898968553
2384,271178.2562451126
2385,404699.34778977884
2386,498686.0288343447
2387,1141856.7228722111
2388,431454.1012665826
2389,570758.2250079855
2390,335995.4270941311
2391,1123140.8933550636
2392,827987.5369506975
2393,609597.0089711733
2394,956033.3204151602
2395,846331.3835206052
2396,974206.7730785613
2397,475641.9999187975
2398,369372.32172946143
2399,458731.93634442834
2400,484507.0998217927
2401,323571.423827966
2402,416713.2021441028
2403,547479.0279531108
2404,368166.2328170559
2405,308933.34483590967
2406,418143.50987675495
2407,283200.5465752636
2408,647421.3269117401
2409,507475.12692089635
2410,448366.2048386856
2411,541910.8545002885
2412,463246.8232474843
2413,408903.82559217187
2414,834797.8792504459
2415,427403.69284547353
2416,527396.1955484919
2417,809549.6575354778
2418,1080367.0791386962
2419,962941.3476444297
2420,722608.086447375
2421,493181.61500569223
2422,285185.7839647229
2423,447557.6681417242
2424,475699.33187769493
2425,482565.0003379086
2426,497357.8017733097
2427,417235.9771522556
2428,544386.5447750735
2429,641200.7893768299
2430,487660.76241467125
2431,738868.846054189
2432,675472.5924932673
2433,586143.3698726798
2434,828728.1509482741
2435,1059697.8141950425
2436,634206.0151857269
2437,361624.05644132744
2438,450811.2591004579
2439,1030824.7343713768
2440,407878.47249454854
2441,1216995.6664059544
2442,281269.887127663
2443,598722.4638110099
2444,237476.45592779003
2445,548258.7141834113
2446,1423304.1183819594
2447,409794.91788811586
2448,252097.96586938377
2449,480709.6652137826
2450,676578.1780704833
2451,465840.20753707225
2452,252083.59261093382
2453,1203119.8609045427
2454,635628.9185531944
2455,439106.2244030293
2456,732946.5843478633
2457,541470.3513158651
2458,728937.1442588345
2459,356549.2064903567
2460,349486.0665789647
2461,1135716.7413177965
2462,595227.8917604781
2463,983232.8762930192
2464,382437.1193527563
2465,595293.3528945093
2466,369438.82416556065
2467,517233.9905025575
2468,1900332.7713124491
2469,969101.3011364746
2470,377955.4592223001
2471,476354.9669753936
2472,337629.57223210006
2473,605940.1024085743
2474,1719723.8745028041
2475,296017.4505886956
2476,652200.7093284429
2477,796299.8570204292
2478,449139.3349087618
2479,309894.0563139913
2480,768478.415504397
2481,661227.0185372251
2482,599241.8922236378
2483,319081.48464970663
2484,391331.8548037339
2485,918358.3252419769
2486,556163.1415668353
2487,1625389.2295539132
2488,417547.0658459263
2489,772899.2777136995
2490,588016.3130891185
2491,1088778.7217146074
2492,410212.7510328791
2493,432670.3161421302
2494,473473.29536451097
2495,475566.4209389464
2496,322753.0160512803
2497,405841.7916509594
2498,421616.21841858304
2499,527360.9483191217
2500,1135029.6931897704
2501,629217.110153231
2502,431518.1436346986
2503,961654.557629029
2504,443763.9494927126
2505,382912.15508151054
2506,408734.30978680705
2507,347612.875866138
2508,494105.6584155642
2509,496086.8452102416
2510,331141.9881554658
2511,470666.1084019409
2512,833847.6386016767
2513,883492.247243867
2514,273005.17099307186
2515,577810.85319153
2516,903100.6225954278
2517,368541.71545619576
2518,410190.05641427403
2519,798098.8454533073
2520,646845.0209662893
2521,979827.150912699
2522,448273.97978733224
2523,518842.60637799534
2524,1480407.7864604457
2525,246167.54318986938
2526,1170131.6097879237
2527,429050.35728199594
2528,536070.721934026
2529,957859.5492192034
2530,342234.58625388145
2531,384212.7311598124
2532,475755.39934398443
2533,1488712.116926522
2534,605666.3881937984
2535,1519486.134362225
2536,432739.1307611483
2537,509926.89644939685
2538,642483.7666474708
2539,646027.9354366296
2540,506167.84285672987
2541,993192.2385071099
2542,618017.7394136664
2543,752012.4827718401
2544,459481.0862309404
2545,550661.5510645336
2546,410808.63579222513
2547,1173537.2921805852
2548,410189.804251845
2549,496782.704269449
2550,333896.55711972015
2551,437551.0208199008
2552,689706.3305563797
2553,401113.19440472533
2554,801889.1563915821
2555,468987.2205006414
2556,455639.4275935675
2557,598537.5494907174
2558,1248187.270359192
2559,731478.4817613781
2560,693884.5553570609
2561,529173.4411256763
2562,531094.2409371288
2563,412299.06004991825
2564,299479.4327361634
2565,471656.9564636516
2566,1217157.9605736332
2567,718689.1726703378
2568,2442971.548323017
2569,973096.4771048534
2570,373112.16213782807
2571,475030.3130084751
2572,596588.6475148549
2573,625055.7004300109
2574,343284.64190034894
2575,811023.514434474
2576,416608.3025736613
2577,298197.3349976416
2578,904346.4030333185
2579,432304.68710764416
2580,594675.6511438343
2581,614184.2056282293
2582,513281.9203457115
2583,434445.46728701144
2584,467554.9487791138
2585,519777.2891389049
2586,1203924.0420390032
2587,549013.1403350016
2588,446326.6893259748
2589,1254894.139188636
2590,340043.59080227336
2591,802605.8020146461
2592,557040.3501910436
2593,430070.2140425291
2594,442949.29208738694
2595,365297.0347902768
2596,1008677.4986681057
2597,830020.2254660528
2598,454642.01305145153
2599,502248.1667385453
2600,576995.5330819133
2601,297263.1192269776
2602,645608.0849924348
2603,248716.7702652478
2604,222118.50165036845
2605,972754.4282444657
2606,983207.4078876956
2607,457872.4055060273
2608,448962.8212084997
2609,462932.4967185727
2610,343593.0132148904
2611,572416.5421680657
2612,629178.908510249
2613,540684.9685805327
2614,636443.6681435579
2615,561870.0579127285
2616,478771.5269624898
2617,890855.6240059914
2618,849419.8007222838
2619,419369.3881760611
2620,338855.70148273173
2621,677293.3407984821
2622,930263.4981675334
2623,537461.2959477192
2624,289016.22037469165
2625,407029.41735543194
2626,784738.9081539016
2627,696242.7913177249
2628,374198.675280779
2629,349516.06458389957
2630,653528.4176289465
2631,492001.1060056082
2632,505751.50422927376
2633,358342.8451218046
2634,477697.3146869566
2635,421268.209694827
2636,536019.3309911438
2637,377069.32563817163
2638,1342078.0360681685
2639,416618.38907081913
2640,686856.7604395456
2641,447260.37568918196
2642,643042.8782898571
2643,327262.1589809018
2644,523573.61836542585
2645,487219.01451918134
2646,468902.8202640662
2647,630819.1336079938
2648,446378.8656100725
2649,360067.9491671402
2650,585576.1937650576
2651,535637.0025562391
2652,427063.58118926035
2653,401249.4137239398
2654,631368.8466708619
2655,846862.3622108921
2656,841100.2722523155
2657,472854.932522163
2658,798437.2661262548
2659,461470.6334240786
2660,782089.1815184793
2661,473934.2293300978
2662,451085.21833689034
2663,261687.54771968105
2664,690130.7755268464
2665,616115.7140453558
2666,1000780.8926554646
2667,641084.2521787306
2668,723679.224263351
2669,819185.0339152538
2670,357963.1455455611
2671,1398935.0730363592
2672,389370.11479860777
2673,786669.129884173
2674,662799.4800224805
2675,297154.9885325618
2676,365289.2858148877
2677,727533.5788541851
2678,620619.8293682836
2679,832284.2753508302
2680,629187.9863576911
2681,1364829.9404967749
2682,755716.8814433692
2683,901482.5439302926
2684,421560.33663929603
2685,285110.4506407995
2686,433585.3226519709
2687,1046457.7687809701
2688,537708.2538662663
2689,622231.762819207
2690,419284.8677026214
2691,880274.2826796309
2692,442697.51917975384
2693,467737.72026426776
2694,1691126.2024991666
2695,381916.35065306246
2696,674512.1968260111
2697,1502690.0630371026
2698,676934.4949687899
2699,639128.7196800214
2700,616716.6496066023
2701,259622.91340733552
2702,477852.8247284945
2703,433250.6382602324
2704,304443.87744689325
2705,422025.2055894793
2706,354731.4878526755
2707,379732.3589308
2708,321086.7895789443
2709,627772.5541249892
2710,386951.8584444949
2711,396823.19598138146
2712,304506.8487742904
2713,484739.1797485992
2714,614998.764477709
2715,1602184.7828176916
2716,549391.5642570656
2717,581277.8716409772
2718,476140.6289107896
2719,485055.3979234508
2720,1927964.0194100947
2721,333979.9503324649
2722,520532.50810408895
2723,231454.75983388594
2724,733702.4503366016
2725,340002.2518335694
2726,738399.7712049967
2727,183054.25312218396
2728,367935.66526947264
2729,982451.5076728426
2730,563650.5649368637
2731,476802.8505905778
2732,463123.99961253826
2733,303256.0812014567
2734,515781.90699239017
2735,1041111.9705278679
2736,315414.9062439117
2737,822690.3517825704
2738,923906.9438628433
2739,398266.9718600435
2740,602116.5635712278
2741,512162.55198070954
2742,746400.3040525712
2743,598411.4682762445
2744,636646.1973941127
2745,404620.78278025147
2746,433040.9723571013
2747,905320.3776080813
2748,400819.2395950742
2749,844543.8041810866
2750,480337.97779351636
2751,446028.4849795699
2752,750526.4766528996
2753,486087.77867216466
2754,540682.8597754299
2755,377555.94409599015
2756,510384.65051780874
2757,671196.0621324943
2758,963056.4164245464
2759,1036271.3578695318
2760,588000.6766998937
2761,308988.3139267898
2762,375647.2888063898
2763,430782.0734766958
2764,430782.0734766958
2765,442454.47014192014
2766,410766.76680601935
2767,331153.02249395463
2768,360062.9059185613
2769,419211.03017068317
2770,503872.57871224696
2771,490953.35004098713
2772,380419.6074910221
2773,437311.4489241126
2774,504286.660739306
2775,425441.74077257677
2776,606610.8544695702
2777,968578.5324001787
2778,432700.07130874577
2779,1568800.3017877769
2780,480290.10639592574
2781,686368.7422282196
2782,1568245.7960512824
2783,462243.8769136736
2784,576535.0021354852
2785,644256.0754032038
2786,474981.14133483067
2787,678460.3427515036
2788,425120.6474249603
2789,478937.3941714158
2790,661678.2866035122
2791,484179.1331546403
2792,484516.860488683
2793,569280.6194287955
2794,886016.2990802032
2795,1144587.5133170672
2796,594697.1281885504
2797,1339941.1015728298
2798,444164.3411585556
2799,579187.4640093187
2800,695175.0844561291
2801,491951.59476247116
2802,1537179.9968769052
2803,401236.0900798824
2804,710464.5782620277
2805,221656.12671885476
2806,1612134.999232232
2807,442595.9259047754
2808,783158.0922866409
2809,297862.66025794484
2810,371807.04474316165
2811,626404.6325645767
2812,702088.9256336164
2813,603055.8902706074
2814,661399.9197166275
2815,522433.32847552653
2816,527233.0464569639
2817,426127.611263616
2818,759615.2762488347
2819,395203.3432878986
2820,358343.09728423366
2821,457231.7292430954
2822,377403.36088673107
2823,322621.2813220259
2824,546678.6327851719
2825,664666.83808516
2826,436109.81504749216
2827,685493.1071141593
2828,344694.0667454555
2829,521445.11052471993
2830,473622.42930136295
2831,730417.9609081118
2832,482291.32277124876
2833,527158.4409081957
2834,457428.3624435698
2835,900776.2517853152
2836,792269.3027202871
2837,421560.33663929603
2838,496163.84215813375
2839,499631.01399940054
2840,297693.6054892065
2841,730649.8573265598
2842,389702.47206976125
2843,519456.555557766
2844,508539.6900564529
2845,315837.4072812188
2846,1364162.106929928
2847,649862.7805451539
2848,439662.4889531442
2849,348820.49665510585
2850,720707.0815369627
2851,694667.5016453457
2852,659437.7975720033
2853,984299.0565149274
2854,776118.8416026244
2855,502329.15130414756
2856,399636.7161243239
2857,426535.3398591293
2858,767690.0866350346
2859,468259.3021928988
2860,420496.44073306606
2861,327255.8741874938
2862,1647741.4697029279
2863,451838.0030736652
2864,1446878.0061722044
2865,510496.26952061174
2866,525130.5880682447
2867,845854.4351227853
2868,252162.51945119386
2869,458836.8359148697
2870,251951.2073357373
2871,1119010.3118235972
2872,480795.7211022186
2873,563388.7925758259
2874,380666.6207300443
2875,730635.866223122
2876,1193468.3982778797
2877,419364.7454453021
2878,1032978.274212611
2879,509232.18895765103
2880,610034.6237665712
2881,502673.7109772612
2882,653277.2273200996
2883,441758.36875016
2884,1022416.1289674965
2885,428685.49353329267
2886,451349.73672485456
2887,328493.75247635145
2888,1051189.7875158
2889,589487.2104153946
2890,731194.1651720566
2891,731194.1651720566
2892,554303.7505806809
2893,386022.2249706199
2894,1174382.9408730357
2895,656377.366335034
2896,425966.92093191424
2897,448032.7478659606
2898,501270.3538131842
2899,838798.2420830192
2900,454580.16195830144
2901,732544.2444105467
2902,512479.1394945417
2903,704081.101007326
2904,413604.7902185613
2905,680385.63451497
2906,744558.5154396906
2907,1158049.3095667055
2908,795297.3137106963
2909,536024.0718846711
2910,550990.370871879
2911,653592.7818432908
2912,705110.5772054929
2913,1000257.9636271123
2914,859928.1571001739
2915,824165.2627546372
2916,695816.7537609484
2917,474489.1701173271
2918,394687.9010967893
2919,758786.5100776586
2920,687364.0235061276
2921,400988.338069028
2922,379284.7126982402
2923,487443.48348935344
2924,710177.261778915
2925,536162.5090581622
2926,1133806.4416901632
2927,410070.27926052467
2928,456351.2450024256
2929,411570.7645792598
2930,259195.04906332004
2931,444267.8131671229
2932,461575.0934383947
2933,718810.2898961069
2934,1459122.549799203
2935,1018420.5840558448
2936,477243.08319286385
2937,446179.5077189293
2938,538694.7500199616
2939,608384.3985284303
2940,592073.8176579119
2941,443839.3460589675
2942,663452.443346331
2943,1754341.2081959299
2944,509704.9935119245
2945,584186.1511068683
2946,712016.1466124939
2947,751399.3412167953
2948,720579.9974409137
2949,769576.8218438205
2950,411494.27605826606
2951,667796.892508119
2952,636905.9033572328
2953,421646.288605519
2954,1135252.8101899168
2955,663949.52652619
2956,441940.366430228
2957,1635161.918101383
2958,733943.1923725865
2959,399636.7161243239
2960,1041516.6918020017
2961,998627.8331647876
2962,768152.6811046298
2963,511557.66274059645
2964,411150.8213381816
2965,522828.1656588891
2966,436229.63526282297
2967,969101.5532989036
2968,485886.78448324464
2969,290362.02418313816
2970,417806.76908435114
2971,784783.5409038248
2972,592884.7855455509
2973,600647.0310991852
2974,739716.201541156
2975,520120.14879081247
2976,476725.37110773067
2977,1412252.3730230276
2978,487859.2265198331
2979,400733.2082317879
2980,521934.2974896864
2981,446494.8816660816
2982,568434.6808143948
2983,318230.2677335208
2984,339045.327629299
2985,1223485.9248042582
2986,337416.46632940695
2987,373138.3527293983
2988,749558.664325443
2989,323470.3066939587
2990,790435.2016108044
2991,674097.2357479052
2992,297263.1192269776
2993,618084.0581324792
2994,323949.66747138475
2995,472287.2962013037
2996,347448.6899766786
2997,337109.88880210207
2998,657437.5339805033
2999,304157.4978688557
3000,1094089.8878928325
3001,282290.5593304073
3002,392534.49882155843
3003,340724.68900511286
3004,324606.2794162957
3005,1634845.076678854
3006,1568959.2211277937
3007,275763.8538160644
3008,361054.43352631386
3009,418749.21681352216
3010,439699.4234497241
3011,735535.7397227512
3012,557166.410843596
3013,529032.2301654667
3014,382637.94695547805
3015,766040.9180387201
3016,690285.2330993277
3017,599041.9255349799
3018,489871.1530838277
3019,876945.4346351881
3020,578966.3114781313
3021,466527.3558640521
3022,422631.1124892214
3023,246336.49201726308
3024,269938.027184766
3025,687335.8582553306
3026,840755.0900639289
3027,543372.8612984048
3028,441985.4221737557
3029,448137.3077508436
3030,308011.1739080922
3031,291027.2838671829
3032,1440966.9610984074
3033,451370.41404402803
3034,402423.65406452096
3035,2185529.4869041834
3036,1780156.1325986735
3037,737884.4661146933
3038,481294.6607102428
3039,418823.6712074969
3040,659749.5472754253
3041,693511.2908996193
3042,461434.8911279008
3043,475105.96173715894
3044,339008.00758981495
3045,376057.6975855939
3046,590421.6733589075
3047,415776.1959259256
3048,300845.67667627044
3049,450004.3845838418
3050,1402138.5739715793
3051,761783.3630447712
3052,1268850.0936870943
3053,771922.1434042818
3054,819697.3937153077
3055,1341336.0289062914
3056,393448.9679454315
3057,431129.35516027804
3058,385771.0981991349
3059,795975.3914072942
3060,749554.4625921657
3061,427934.54052549426
3062,389218.8853386567
3063,433655.99452971655
3064,501365.47937072767
3065,799432.4078445527
3066,354457.1231735677
3067,724085.7712061602
3068,482852.48812541424
3069,414987.3421244987
3070,305813.6973068813
3071,475325.3805609476
3072,610122.3785717582
3073,737281.5287460566
3074,388802.8672636249
3075,474792.27167555026
3076,487780.5372497904
3077,370238.963271054
3078,735224.7587801974
3079,859632.0593242453
3080,799171.2692554074
3081,971197.516175342
3082,252137.55537072825
3083,636906.9463235374
3084,426629.17165889917
3085,825069.8189135153
3086,776577.0020388189
3087,580147.0213113327
3088,847051.8485565045
3089,457289.6798364639
3090,447675.0960101696
3091,1309319.198026443
3092,476046.054622145
3093,435824.8714229885
3094,338852.9408383728
3095,385748.9079053877
3096,213976.05423255276
3097,661226.5142123672
3098,335877.00177553017
3099,464282.27035714977
3100,293272.01736703573
3101,709187.8669591123
3102,638220.1655233669
3103,466615.43248872564
3104,443837.58092196484
3105,233595.20818467374
3106,1347212.730167868
3107,530086.351469633
3108,663412.1071970369
3109,732383.9860789786
3110,278257.8460584576
3111,410204.93399758183
3112,542756.305380609
3113,267249.6306966151
3114,810236.5943870106
3115,463360.91788294807
3116,469723.55362918857
3117,1121991.6540713492
3118,459720.7465595786
3119,489167.41744056216
3120,252085.60991036543
3121,486190.63088601467
3122,520996.8880673733
3123,417160.07626114297
3124,677062.5934826944
3125,481135.002462081
3126,318489.06928457716
3127,537921.4584017654
3128,966706.4786469631
3129,598766.8388805791
3130,784712.5264175575
3131,1064809.1566261472
3132,866091.6874981817
3133,337198.9021395199
3134,409589.64834684413
3135,1281089.2100402252
3136,852613.3961272921
3137,330059.62775055517
3138,790984.3441713058
3139,478695.5517087545
3140,763771.4501499376
3141,448273.97978733224
3142,376794.38136809575
3143,421924.1400630558
3144,1232656.8091256907
3145,716753.2083135109
3146,647367.1830219236
3147,418693.23675429623
3148,598537.5494907174
3149,715524.4234677488
3150,421326.45921591343
3151,2330328.681182819
3152,377592.4827084405
3153,429776.3409396759
3154,459258.0285653913
3155,492245.69250051654
3156,501594.26450057107
3157,321980.9648047176
3158,452301.5589493214
3159,344839.8274843816
3160,509794.76333662926
3161,724957.6396407717
3162,1848133.5044857045
3163,850828.0421477141
3164,509553.6284542155
3165,736778.2513133684
3166,354628.74698212696
3167,819961.2919997879
3168,1149252.53248089
3169,387898.91484882915
3170,1656087.5578844077
3171,518977.6671599713
3172,336872.3348836299
3173,546589.1943827712
3174,586871.3051967277
3175,726593.7858814783
3176,679778.9259427866
3177,613989.6960911959
3178,1035664.2017122718
3179,758787.5187273743
3180,336993.9753362456
3181,2102487.350657169
3182,795510.8808462118
3183,631716.1265051931
3184,489476.36144765804
3185,489167.41744056216
3186,487999.68533858855
3187,436910.1531895285
3188,389710.28910505853
3189,243334.73958768265
3190,379534.94029609824
3191,544854.2246865862
3192,377670.6530614137
3193,590091.5947310011
3194,994636.2596244912
3195,453388.85580446094
3196,478259.0585442493
3197,712925.9697284815
3198,1201160.910274812
3199,867637.2960099274
3200,295418.10335239954
3201,611232.2789776007
3202,663422.4321506226
3203,806134.3260678182
3204,484739.4325063785
3205,421164.9946217936
3206,850374.506371575
3207,423814.294086577
3208,404068.61552987935
3209,889429.0018508815
3210,1084850.6131170774
3211,872365.1305447693
3212,654090.9066531481
3213,336983.38451422995
3214,408973.422422561
3215,465549.7779991097
3216,344159.56552119344
3217,381292.5990837895
3218,463119.83092749503
3219,577053.8811822907
3220,406093.67645288666
3221,476309.3255757544
3222,354313.7486776374
3223,408638.99238866556
3224,396091.6854944101
3225,920552.3129100164
3226,427284.5568082704
3227,381832.88488908135
3228,1029751.182620484
3229,420335.33149654896
3230,1029813.4980539001
3231,433113.09089157474
3232,676576.6951754179
3233,525073.3662119327
3234,584758.9956764139
3235,723583.312410602
3236,407058.02697535744
3237,1165670.787683539
3238,427862.92639567365
3239,538250.0389089162
3240,771780.6909470356
3241,590836.7313132454
3242,335481.4901706823
3243,328407.5335114491
3244,1121799.1805406655
3245,1602397.3999424246
3246,388536.612113019
3247,304443.87744689325
3248,292438.4092293418
3249,352770.12862384156
3250,380477.1005248218
3251,492001.1060056082
3252,768853.5636215071
3253,354738.04407582805
3254,375167.1960888397
3255,469749.78035136557
3256,426048.37510760117
3257,388649.13791036676
3258,628527.3731769931
3259,721183.3751983641
3260,352610.4329033543
3261,433069.7189537961
3262,473927.98487356456
3263,472782.2910493243
3264,408861.28324083134
3265,496373.30172952416
3266,436517.4932260782
3267,424298.7236162232
3268,520458.31153319136
3269,385925.00830877083
3270,963918.4436275365
3271,659639.5960428735
3272,325360.50449661317
3273,1542015.549100676
3274,605591.8185949071
3275,534625.5596536588
3276,436544.4676373444
3277,668953.1764330994
3278,410682.7967171803
3279,1129247.082480499
3280,427226.0551247549
3281,408732.76943603146
3282,456589.3050286528
3283,412093.19972995203
3284,280125.56109994417
3285,297087.3277501456
3286,667951.6782101303
3287,765725.7706718581
3288,1660074.815090896
3289,291030.0576539014
3290,300664.11972742947
3291,257940.10174893518
3292,289838.60746895464
3293,720807.8460463093
3294,401605.5376358732
3295,599410.2965824615
3296,486316.04626856407
3297,942751.4856810044
3298,264913.3328672694
3299,402080.10732714937
3300,712796.7866886044
3301,280108.1469174309
3302,1037324.8150706397
3303,921139.1831924086
3304,514556.9085208033
3305,433078.2111451266
3306,686860.4551355228
3307,368657.63975397206
3308,629368.8362740247
3309,454601.5199814611
3310,465654.35104449966
3311,411381.03249134775
3312,606903.8721092577
3313,333599.0923740737
3314,594555.352095098
3315,447622.56497348996
3316,409282.4445726229
3317,1130906.7042101668
3318,737682.4857013827
3319,820455.1097351414
3320,287870.0232686256
3321,433777.03249561053
3322,292852.80663662404
3323,292852.80663662404
3324,434911.3876584652
3325,644031.1701739084
3326,458699.12096480874
3327,328239.5727479741
3328,472848.63029100606
3329,894648.0558395197
3330,810966.5770597497
3331,430065.0669208189
3332,499822.2960382872
3333,1156427.769896952
3334,614462.4660713391
3335,1195289.289027623
3336,444164.3411585556
3337,438820.1313454567
3338,451832.14713989827
3339,499237.2236924507
3340,271123.9494067284
3341,432960.45129080885
3342,559890.7083180946
3343,626591.1559711805
3344,398356.58048874803
3345,854876.6485667932
3346,401358.21829457546
3347,331678.7405314429
3348,318489.06928457716
3349,506569.0756952291
3350,865461.2569979327
3351,469809.017999299
3352,448692.2564876203
3353,776904.5536719655
3354,685349.1223672312
3355,718839.4799294801
3356,891561.5655996691
3357,480645.8016418237
3358,710498.0731876892
3359,426392.1914229314
3360,499190.8258055247
3361,835055.867596439
3362,525229.1412944885
3363,264157.7224601029
3364,462785.2204822784
3365,840899.4508078684
3366,721329.4869117665
3367,410189.5520894161
3368,761594.5597202033
3369,493822.98433271586
3370,303782.7293029565
3371,838921.4199788742
3372,570099.4700954577
3373,360472.9659852288
3374,1902477.600274214
3375,377348.57453647524
3376,925271.1391161887
3377,372964.749712829
3378,428535.54746363836
3379,514004.4017009387
3380,514004.4017009387
3381,243094.16165555245
3382,600486.2649681651
3383,493312.5114062495
3384,1102313.9957633875
3385,622901.1744814215
3386,977442.991950915
3387,381498.86795066716
3388,411150.8213381816
3389,818424.8262559386
3390,278143.2050860474
3391,879918.4175455766
3392,827370.7643572806
3393,651154.1971553197
3394,701469.8428995957
3395,946805.3711746463
3396,297308.707341925
3397,305191.7199397236
3398,416368.6548858703
3399,298365.27517531964
3400,385805.0608679387
3401,427863.1785581026
3402,436721.8486634906
3403,499246.5537023217
3404,700507.8937428725
3405,960686.4332321102
3406,503969.18824126315
3407,489828.67643676477
3408,524729.4832983033
3409,354828.9721225245
3410,484981.76996978815
3411,327718.1285075054
3412,380226.58796742395
3413,1360627.183332927
3414,515999.67152396135
3415,419081.4336571209
3416,306417.040157938
3417,423067.7993197356
3418,371764.17713024083
3419,354480.00065955764
3420,457281.3714014713
3421,458207.49992968095
3422,593999.1229375275
3423,558033.4260731433
3424,436105.4469549465
3425,468842.8056059772
3426,379499.35152234416
3427,302893.01885945373
3428,423334.4974533124
3429,632312.633567396
3430,264072.7437215481
3431,648803.0088175038
3432,1034730.3772766759
3433,435944.2856523413
3434,509725.9973561496
3435,444069.52808527194
3436,987690.1399826291
3437,372770.2830759883
3438,429792.00452077936
3439,1111235.1254751328
3440,645297.3303141723
3441,361635.40375063
3442,878260.4746273033
3443,601791.1970966427
3444,358009.2559320397
3445,360432.6665315721
3446,283254.7667612439
3447,537383.3076176348
3448,1331480.7362712193
3449,519332.2155629791
3450,437336.8502721103
3451,429104.6760741855
3452,413794.25477826816
3453,342219.70867057366
3454,496952.8645287304
3455,735455.1696827519
3456,643977.7117389719
3457,289107.97213495
3458,514521.41394015285
3459,365989.6725871869
3460,367516.3876191551
3461,897179.0067162319
3462,324606.2794162957
3463,641535.8751519008
3464,765986.3860479811
3465,690002.3879543918
3466,290181.8892424421
3467,491858.0234804974
3468,480975.7602341911
3469,323153.3488947237
3470,1015656.9085133275
3471,701232.9005220578
3472,1172305.3993840558
3473,713816.8514427588
3474,495286.2512425983
3475,1303724.5658637425
3476,654859.296711585
3477,2039699.8908904819
3478,536624.2288253786
3479,773811.350758153
3480,558416.2836843601
3481,433843.2236866413
3482,435683.0713484484
3483,299623.6696455204
3484,619195.331861171
3485,803653.9246250371
3486,737328.7890616142
3487,233185.69056205323
3488,681585.996271235
3489,331128.1771188495
3490,331128.1771188495
3491,230048.43704249244
3492,786916.1158878969
3493,523934.64862896374
3494,505899.9029435194
3495,505509.2240812072
3496,603296.6402454808
3497,548125.8245833569
3498,667951.9303725592
3499,565377.9244240659
3500,639960.1974881948
3501,734773.7662331674
3502,509722.66540481977
3503,485219.23064745346
3504,503755.92578758416
3505,408202.87230285
3506,275792.96370049485
3507,459881.7450341283
3508,636197.5576129068
3509,397668.6813825838
3510,444363.94786093594
3511,429892.15479262045
3512,647200.362699063
3513,490527.8727634804
3514,627808.4564416365
3515,353734.1040520128
3516,608668.4343631746
3517,275721.5301130087
3518,546842.0062926711
3519,1108996.550028739
3520,436952.97780379606
3521,226419.83666267619
3522,494105.6584155642
3523,1351895.2416801117
3524,406908.64087607665
3525,594763.1515066786
3526,929247.2031734732
3527,421765.35755626333
3528,1065079.134101892
3529,256693.14561263542
3530,436571.9603107305
3531,613741.0712983093
3532,673830.0133788647
3533,1089968.9736078326
3534,1120848.2616204587
3535,501365.47937072767
3536,943254.6283083749
3537,484003.7208186536
3538,1249213.0903575397
3539,910869.6838259597
3540,1542264.4334180458
3541,468987.2205006414
3542,503574.9410372699
3543,458735.93667943473
3544,408468.5305866982
3545,596605.0380727364
3546,654795.371538378
3547,939794.0988640024
3548,2035833.7716909596
3549,424331.756894415
3550,728340.4438751008
3551,1567048.2773507396
3552,403361.7002917831
3553,1033716.6155568355
3554,513107.45987825
3555,397492.9616203089
3556,444268.56965440966
3557,613381.3581427328
3558,400596.02955181117
3559,456776.9081076487
3560,561856.0918500036
3561,617805.5511922898
3562,940531.5337070304
3563,219618.7491858448
3564,730568.0104155688
3565,380615.78986074193
3566,495770.6335243435
3567,479637.773461042
3568,479237.3967822661
3569,402298.24993473664
3570,430390.3339783746
3571,521072.9881833829
3572,438177.1594351189
3573,556319.163712712
3574,986476.4674668743
3575,834326.0790396224
3576,870927.9494792606
3577,376662.90804558503
3578,495284.357546243
3579,444333.9405318914
3580,329593.95007900475
3581,734552.454273245
3582,1008499.47199327
3583,509618.98579869326
3584,1151148.732907176
3585,590763.5949331283
3586,377965.7978818868
3587,665145.5587770051
3588,269288.25216106186
3589,417806.76908435114
3590,461575.0934383947
3591,638172.004491022
3592,749701.1360977973
3593,416625.1974564007
3594,472616.70764870197
3595,653591.0167062882
3596,676716.8787926097
3597,399963.8251284276
3598,465374.8639857009
3599,399385.2309227898
3600,566657.287343854
3601,402731.63740644604
3602,1305602.9063962828
3603,444265.29154283344
3604,662869.0768528695
3605,773180.8387444436
3606,298362.7535510302
3607,1087362.6467934866
3608,774475.8101446314
3609,348901.1886323686
3610,411208.48691251304
3611,461546.6655613594
3612,1035547.5297675446
3613,306283.7690847756
3614,497367.8514216376
3615,547287.1323446829
3616,392259.77899224695
3617,304478.9010957953
3618,322102.0992048237
3619,624831.2328695959
3620,397555.7795756252
3621,456704.54681899596
3622,450490.1819657872
3623,328137.4489558346
3624,404163.428603163
3625,354876.4236551848
3626,409382.13006331003
3627,452459.9590996654
3628,441197.029040396
3629,505971.4743959517
3630,1637731.2540054624
3631,1340416.4611162236
3632,433113.09089157474
3633,1815813.6414595274
3634,322290.0472354428
3635,300960.7580566689
3636,511147.2107752919
3637,774559.9418445184
3638,418448.36492924055
3639,522924.8125829367
3640,473388.2501485208
3641,327200.1539903828
3642,263219.59896454937
3643,936467.2201616687
3644,948572.4467442518
3645,515818.9748694451
3646,490138.1783342158
3647,410572.87645373924
3648,474698.07477827265
3649,642663.2023471192
3650,1068580.6824775822
3651,386924.37273973983
3652,377760.92721097637
3653,311335.4570592103
3654,850220.4012678786
3655,701576.428101455
3656,403677.88632877334
3657,409347.47296878207
3658,665776.3020398136
3659,560302.0954359069
3660,466855.6500640954
3661,664375.5956516841
3662,575893.2508965275
3663,615267.1368334242
3664,494278.78525549115
3665,429114.15437651915
3666,709627.46533264
3667,499401.79835148866
3668,406726.77119823394
3669,457439.09866064484
3670,424059.2626499657
3671,305196.5110258736
3672,149981.19259387377
3673,512714.83900756994
3674,547833.8204906376
3675,303780.9641659539
3676,1048451.7620923392
3677,843461.4970664474
3678,296222.7291160028
3679,149331.22889038897
3680,423147.22051225416
3681,484704.9049469152
3682,423271.2775645391
3683,1474170.535433643
3684,736975.9280015543
3685,801394.1486183989
3686,515426.8190225044
3687,302575.2567266566
3688,287457.23337244126
3689,600337.5582032541
3690,462504.28262127447
3691,1071803.766930441
3692,978260.9110226037
3693,414936.9096387096
3694,712616.9400369246
3695,359644.4052397311
3696,395205.3605873302
3697,716571.9035270988
3698,728073.9922645529
3699,693457.0178701518
3700,427254.0451543679
3701,687004.6496308334
3702,539847.2077116107
3703,591607.1319276323
3704,603111.7705715088
3705,489167.6696029911
3706,1314336.0380549338
3707,962723.8999295954
3708,499622.44047681626
3709,480795.7211022186
3710,409589.3961844153
3711,1005984.5443078813
3712,475525.2673084091
3713,466845.16236620804
3714,410094.73901613243
3715,494105.6584155642
3716,342112.5396382717
3717,435791.3338199387
3718,551426.2734385519
3719,700348.302998854
3720,663412.1071970369
3721,718366.5534471726
3722,764759.1196514104
3723,765458.151972124
3724,296199.27801011084
3725,304478.9010957953
3726,336994.7318235325
3727,624574.2834771208
3728,418497.12086201203
3729,464330.68554350734
3730,492470.9973798066
3731,423762.0195225403
3732,491250.1452198564
3733,334995.61269218253
3734,1007674.4068997089
3735,576668.3905424725
3736,725665.2064905488
3737,337928.5691842906
3738,323770.4612358629
3739,436105.4469549465
3740,753242.5440254004
3741,324461.8886244488
3742,668379.8883470806
3743,970328.6026030674
3744,1142955.8085769503
3745,743647.5092359079
3746,480875.77391974535
3747,337198.9021395199
3748,269326.4274366497
3749,455032.44532891514
3750,1607934.6119917138
3751,474842.483944137
3752,318465.6215298772
3753,251694.62618204486
3754,433358.56377982127
3755,675864.5568576101
3756,494842.24594286596
3757,343593.0132148904
3758,629920.6659484972
3759,970876.8932675407
3760,2490664.5889356364
3761,405637.330925514
3762,941779.4105242158
3763,684878.2596911294
3764,716977.011429352
3765,757191.0061294044
3766,296546.0832278667
3767,866734.1728199726
3768,397492.56488891353
3769,871673.0536852673
3770,825485.850320189
3771,304153.2111075636
3772,563995.9392184344
3773,635820.3098367642
3774,772636.4339113572
3775,178790.944018711
3776,706516.432336535
3777,304309.68031043396
3778,641551.1031775767
3779,508295.89693381276
3780,321242.26058102935
3781,637057.535445373
3782,975843.0713371786
3783,679850.0228225867
3784,426862.4593779994
3785,507582.73917070753
3786,507224.8168769955
3787,378293.67076451646
3788,427220.67838249356
3789,357176.7012502478
3790,385058.6691477166
3791,562705.5928175581
3792,713780.2717946561
3793,489425.4849588417
3794,573904.5987568608
3795,569301.8623618246
3796,387512.3909768787
3797,290772.82504765526
3798,969093.8789131369
3799,493455.40613392764
3800,714636.7817257722
3801,561920.2286547332
3802,295993.76563051995
3803,312230.89876955946
3804,680026.6043965176
3805,303976.8973183716
3806,709490.4618738473
3807,783328.3206194816
3808,527495.5475454965
3809,308289.05690479046
3810,480326.04689948086
3811,392633.82130805426
3812,1022790.3801796556
3813,808869.0775112993
3814,563823.2690171037
3815,1006287.401931159
3816,366500.70757157507
3817,450840.687742022
3818,456895.64515223843
3819,361635.40375063
3820,437741.9420576744
3821,594590.3369490373
3822,609745.7383259914
3823,491948.4040579585
3824,1060760.913150473
3825,406214.10628688487
3826,486297.30432221806
3827,412791.38988160435
3828,857983.8850198302
3829,722575.9396490533
3830,1007741.5448486294
3831,485662.35992148286
3832,901899.7508129346
3833,533911.8106939351
3834,264245.4665710734
3835,676316.6259854658
3836,389721.38425193215
3837,292719.1604694879
3838,697071.1253778378
3839,392304.67847282335
3840,738681.812564318
3841,583331.5401421023
3842,553218.7178391793
3843,633470.2605459781
3844,627678.7218635957
3845,270649.10054450727
3846,439494.86727260763
3847,310867.4936418908
3848,676796.8142825855
3849,311891.53819100244
3850,303256.0812014567
3851,1128505.2090913565
3852,664350.6315712184
3853,960993.4514438126
3854,858743.9803451776
3855,850990.295361555
3856,702608.2896858639
3857,891174.5576837069
3858,1437237.5731438883
3859,998357.1006986224
3860,1247393.0979135414
3861,247450.0692035664
3862,517238.52942627855
3863,604478.8376520859
3864,1030439.3704534672
3865,424071.4635741991
3866,349084.76296043594
3867,589177.743171755
3868,1080821.080200239
3869,396628.23695148085
3870,381895.42117145995
3871,539599.6915514376
3872,991306.1732439615
3873,1082041.1743783918
3874,554746.1365168768
3875,822832.7424870818
3876,1120014.557710668
3877,245743.05554201442
3878,526701.7856192492
3879,976234.2956142437
3880,406786.5706031427
3881,690285.0581576973
3882,509229.9194957906
3883,499750.28682829184
3884,569269.1977821924
3885,966828.7987008549
3886,764364.669344804
3887,568242.5330435381
3888,707712.7038246166
3889,773247.9722594256
3890,388014.1942104809
3891,684579.3679529536
3892,381297.13800751045
3893,339985.5503820343
3894,387913.6873426762
3895,339195.86859937967
3896,787954.0122199054
3897,327129.8006727069
3898,605591.8185949071
3899,396154.2478703817
3900,522676.465851835
3901,433053.0762334856
3902,716563.7618914659
3903,644653.7246807759
3904,600119.6763712431
3905,525758.8919721841
3906,901811.3165276914
3907,361004.3301441986
3908,536802.3003490345
3909,476041.0113735661
3910,584956.9488912388
3911,2090722.381870564
3912,716123.309236495
3913,450024.9196658747
3914,925809.6852407509
3915,396862.6513931657
3916,744350.7575823251
3917,836707.9696135868
3918,1343991.1960732257
3919,327962.36697868747
3920,431548.1579323743
3921,298356.5274675726
3922,483433.7685236728
3923,734514.6299089032
3924,800943.056463302
3925,339139.13205286686
3926,327399.6817158727
3927,382222.54839564825
3928,462949.71794086276
3929,722604.3040109408
3930,440886.3576136534
3931,280066.035791797
3932,315595.5428842249
3933,494820.9768917711
3934,392807.8782325543
3935,605591.8185949071
3936,453195.65892538324
3937,961512.3721904457
3938,298584.1578326955
3939,681566.795834983
3940,325033.44982627046
3941,661122.4650075648
3942,309507.0143617615
3943,795510.8808462118
3944,644385.2142794682
3945,625694.9508722881
3946,337629.57223210006
3947,764027.4994177062
3948,376176.479464808
3949,365123.61509907024
3950,434627.7302512326
3951,443551.2968597432
3952,348252.04128880333
3953,759440.5276711547
3954,547551.9028950762
3955,507266.45869375416
3956,565663.6244560615
3957,488506.2510269517
3958,564072.3368798109
3959,485101.61701421975
3960,493814.91513498966
3961,562809.4534666804
3962,436131.5201498916
3963,462198.0385876519
3964,983044.5109585964
3965,745283.7928332816
3966,297309.4638292118
3967,594595.1280351871
3968,1403730.7946328549
3969,701612.0864804798
3970,671457.765566863
3971,852195.7281623652
3972,597668.3470741691
3973,666742.2531433294
3974,473243.57539174147
3975,525076.8774708792
3976,673942.9123413904
3977,472199.13763111166
3978,465664.4375416575
3979,386301.13123914285
3980,467510.2922291431
3981,487463.9086460981
3982,283734.45432371367
3983,776451.9530642333
3984,517462.58250647667
3985,738573.3471762012
3986,533720.6628464005
3987,429381.35070598044
3988,408973.422422561
3989,397649.20898501424
3990,404329.2348122478
3991,503737.35317490576
3992,488896.8732478962
3993,1278642.852907591
3994,647824.6050726809
3995,439784.1500258499
3996,401327.45447824406
3997,724044.989200695
3998,669275.3337541911
3999,370251.26762248855
4000,595595.3004473624
4001,406937.88239372463
4002,295222.5489730425
4003,389402.53774766857
4004,722696.7254525182
4005,263591.0128836924
4006,495314.53802509303
4007,496139.6900756371
4008,401903.5936268872
4009,337570.35017979646
4010,344737.31059237535
4011,680548.4415990814
4012,424537.9000516664
4013,395164.5417889098
4014,651167.5616213309
4015,410683.55320446717
4016,375177.7775867457
4017,361631.6213141958
4018,431700.30934193206
4019,743093.535760598
4020,1678821.9738915334
4021,465302.92402561277
4022,489170.9738081604
4023,629141.3363083362
4024,678370.6323584911
4025,338356.52581476374
4026,1283061.654159932
4027,641083.7478538726
4028,800833.5247897933
4029,545236.7068233901
4030,860087.3780614833
4031,1199244.5315787029
4032,881092.4145472733
4033,1057059.5413121055
4034,362338.70738346747
4035,504622.2666391687
4036,249345.9695849882
4037,944472.8142289335
4038,885915.3400302497
4039,413563.80087379087
4040,634795.7305867734
4041,505162.47940271243
4042,242180.67755007895
4043,1707136.2179199313
4044,364509.8291285088
4045,286075.0015841421
4046,758547.8281434794
4047,418734.08706778544
4048,310399.3213525795
4049,462573.233806139
4050,346361.1286436884
4051,746736.8503438331
4052,586761.2271885197
4053,540501.5517604795
4054,2353036.0126843434
4055,694290.1925574564
4056,945682.634560955
4057,438035.9484749093
4058,547762.206360817
4059,617176.102477304
4060,802535.6949485365
4061,275241.4983236601
4062,486896.1809929699
4063,514899.90974600054
4064,618385.9395501779
4065,787834.2311445002
4066,362036.1124687324
4067,776604.968477877
4068,560086.8775435835
4069,751488.3857679473
4070,232518.5327911449
4071,723959.0976427408
4072,272990.29340976407
4073,566287.7226911465
4074,435926.8864447441
4075,298207.1693323705
4076,350328.18882273044
4077,769907.9469219673
4078,1237197.8931558798
4079,519859.66500171134
4080,383224.2604512264
4081,471220.0890567311
4082,1318347.8710795287
4083,523658.1714885731
4084,824939.6372261503
4085,1123412.9529766692
4086,322304.1237863804
4087,449573.75878754247
4088,338272.1976221511
4089,410611.1676706135
4090,509553.696054557
4091,424492.70391539764
4092,522620.6359798667
4093,1096550.6368946568
4094,474201.8006496456
4095,433071.1505971161
4096,227887.25160396972
4097,392320.81686827587
4098,418156.19924966095
4099,348763.9310195632
4100,426058.26659565605
4101,382541.2554304312
4102,442387.1535055534
4103,399514.16518385627
4104,922172.427758808
4105,628248.0274117739
4106,489390.3551213433
4107,431391.89697007637
4108,271003.1612846332
4109,797393.0379174353
4110,343404.2461515444
4111,391850.2078248863
4112,256265.62642560597
4113,1008843.3356151652
4114,364955.65023150644
4115,442822.1100381606
4116,429993.95711585623
4117,473831.4772187158
4118,500462.6586152264
4119,515914.39346150635
4120,983278.0133678003
4121,325651.35942663497
4122,400461.0664301022
4123,741644.2483980386
4124,816913.749240158
4125,449997.07187340234
4126,450172.71503312374
4127,490600.74711009534
4128,693468.6941424299
4129,818733.8606969437
4130,307922.41273310327
4131,439277.68894384964
4132,253575.23726973974
4133,667566.007825212
4134,1208021.939148033
4135,837576.4534102555
4136,886052.3583075424
4137,660715.8679670024
4138,410212.7510328791
4139,277776.66472139803
4140,473456.4004817717
4141,829539.736195208
4142,712888.1323196987
4143,680753.0957405169
4144,505606.9297447882
4145,530333.4706500001
4146,521073.53457589843
4147,341473.1733455146
4148,548896.470196729
4149,627336.1604026973
4150,416625.9539436875
4151,1063317.7362091988
4152,419627.4796754287
4153,454615.5984879398
4154,317598.2523174847
4155,693582.4193978845
4156,258403.82845576655
4157,338669.10128531186
4158,369476.2048707062
4159,587067.0514564409
4160,898367.471438072
4161,201126.70453380648
4162,407031.54992031807
4163,304924.0810567555
4164,419633.2689216207
4165,390616.9710064443
4166,429384.12449269893
4167,620240.8198312832
4168,420599.17819525895
4169,465586.1051560049
4170,1021864.4964617478
4171,542657.5155981933
4172,413672.24941153976
4173,369451.76980498433
4174,721569.9021089402
4175,754413.637785945
4176,474731.53233267774
4177,1514978.7268207455
4178,785147.3102113688
4179,1122088.3853199384
4180,285344.11332643137
4181,722848.1263864292
4182,319300.0800311873
4183,967816.4092296688
4184,438820.1313454567
4185,275773.4359883644
4186,376117.42551528953
4187,922931.4497143761
4188,825082.4270349626
4189,516207.5962831584
4190,453776.21775895916
4191,601661.4372527736
4192,724287.8962294917
4193,454009.36275716394
4194,1165650.496146313
4195,1228352.638754067
4196,1209278.224924222
4197,610615.0040448436
4198,745551.4218401961
4199,395206.11707461707
4200,778917.5346762635
4201,517145.7336524264
4202,482216.8904490798
4203,643208.8128905653
4204,1196599.3347122716
4205,592084.5519886601
4206,567004.8706474847
4207,449026.90182246245
4208,481141.5586852336
4209,965240.2581456227
4210,502257.89513192954
4211,1203736.6345793735
4212,439545.8026795477
4213,642554.4333165021
4214,695481.1662557551
4215,1314488.318010055
4216,2313125.889201907
4217,444161.3152094082
4218,489505.1079645578
4219,650682.4696568532
4220,405557.8997603961
4221,693906.1901885112
4222,421180.12436753034
4223,530251.3691747071
4224,1432059.4787176196
4225,787792.876506153
4226,415720.2158666997
4227,475755.9036688424
4228,489504.8558021289
4229,466227.3499265001
4230,1317549.332004507
4231,1361854.5746405548
4232,415772.92693170987
4233,640929.9475284463
4234,963742.1633964011
4235,1308928.9285018854
4236,322089.9319428606
4237,503893.3543113597
4238,459325.12618434685
4239,770193.8002881847
4240,1566565.3307721033
4241,307966.0819662709
4242,1442390.805267244
4243,596592.1396958623
4244,484179.1331546403
4245,376634.68121931935
4246,307360.13485925563
4247,491646.8073271207
4248,276179.53069565236
4249,473268.8896388175
4250,1294094.07287496
4251,284740.78630972956
4252,733244.5367765813
4253,400459.4262847528
4254,504094.7651308782
4255,317677.8318379937
4256,590459.0363886419
4257,514021.31710654707
4258,1067345.2362860297
4259,457228.955456377
4260,337549.7844710187
4261,1447042.524379556
4262,520012.12850979296
4263,586441.7808176929
4264,561709.6214998773
4265,415648.853899308
4266,500744.3445712279
4267,396768.1964236557
4268,500236.64119251934
4269,379686.45811600063
4270,758082.4662922288
4271,1221833.8714769254
4272,857576.0591123496
4273,483067.834839734
4274,732835.7628717105
4275,377075.98416327685
4276,468806.40879560413
4277,655460.9240676551
4278,1074467.6633616197
4279,395203.5954503275
4280,252595.8009233888
4281,623714.178477201
4282,352601.3550559123
4283,963185.131693607
4284,508473.4186884401
4285,599907.6614909119
4286,2097663.871981731
4287,670463.2070012911
4288,268236.7556611344
4289,764821.552342028
4290,756191.3192521423
4291,756191.3192521423
4292,443266.5014894218
4293,401229.53385672986
4294,281713.2796441786
4295,327015.3112302794
4296,461687.81012392824
4297,425293.9961447938
4298,445093.802299403
4299,519097.9486385785
4300,1439947.1142570898
4301,545591.3141596972
4302,409780.47815223027
4303,1303597.7994294576
4304,505133.0164305222
4305,553579.1371329054
4306,808785.489116789
4307,1012310.7540097424
4308,814094.7934488759
4309,909023.945631953
4310,1488436.7046517427
4311,411326.72249765403
4312,184556.98207614996
4313,478984.35694977257
4314,476843.1965792092
4315,632605.7173422376
4316,863260.4632898347
4317,381972.68881606206
4318,426862.4593779994
4319,459232.98309074366
4320,193701.8817557562
4321,380722.60078927025
4322,193770.97426128737
